"Index","OriginalUrl","CloneUrl","Directory","Status","Head","Branch","CommitDate","Started","Finished","Seconds","Message"
"1","https://gitcode.com/LiJianhao2/AscendS6","https://gitcode.com/LiJianhao2/AscendS6.git","R001_gitcode_LiJianhao2_AscendS6","Failed","","","","2026-07-25 15:04:59","2026-07-25 15:05:08","8.9","warning: auto-detection of host provider took too long (>2000ms)
warning: see https://aka.ms/gcm/autodetect for more information.
fatal: Cannot prompt because user interactivity has been disabled.
fatal: could not read Username for 'https://gitcode.com': terminal prompts disabled"
"2","https://gitcode.com/szdaniel/S6T","https://gitcode.com/szdaniel/S6T.git","R002_gitcode_szdaniel_S6T","Cloned","f99dcaf295ace3d29875eaba6f69b1a333b92620","main","2025/12/14 20:28:11","2026-07-25 15:04:59","2026-07-25 15:05:06","7",""
"3","https://gitee.com/a1535135509/S4_-Gather/tree/master","https://gitee.com/a1535135509/S4_-Gather.git","R003_gitee_a1535135509_S4_-Gather","Failed","","","","2026-07-25 15:04:59","2026-07-25 15:05:02","3.1","remote: [session-7c458181] reject by [gitee]
fatal: unable to access 'https://gitee.com/a1535135509/S4_-Gather.git/': The requested URL returned error: 400"
"4","https://gitee.com/a1535135509/titr_-js","https://gitee.com/a1535135509/titr_-js.git","R004_gitee_a1535135509_titr_-js","Failed","","","","2026-07-25 15:04:59","2026-07-25 15:05:02","2.8","remote: [session-2844569c] reject by [gitee]
fatal: unable to access 'https://gitee.com/a1535135509/titr_-js.git/': The requested URL returned error: 400"
"5","https://gitee.com/a3276132451/ascend-c-champion-nobi","https://gitee.com/a3276132451/ascend-c-champion-nobi.git","R005_gitee_a3276132451_ascend-c-champion-nobi","Failed","","","","2026-07-25 15:04:59","2026-07-25 15:05:02","2.7","remote: [session-e449c8a4] reject by [gitee]
fatal: unable to access 'https://gitee.com/a3276132451/ascend-c-champion-nobi.git/': The requested URL returned error: 400"
"6","https://gitee.com/aallyy/s4-competition-open-source","https://gitee.com/aallyy/s4-competition-open-source.git","R006_gitee_aallyy_s4-competition-open-source","Failed","","","","2026-07-25 15:04:59","2026-07-25 15:05:02","2.7","remote: [session-0942fb95] reject by [gitee]
fatal: unable to access 'https://gitee.com/aallyy/s4-competition-open-source.git/': The requested URL returned error: 400"
"7","https://gitee.com/aallyy/s5-competition-open-source","https://gitee.com/aallyy/s5-competition-open-source.git","R007_gitee_aallyy_s5-competition-open-source","Failed","","","","2026-07-25 15:04:59","2026-07-25 15:05:03","3.8","remote: [session-324ffaae] reject by [gitee]
fatal: unable to access 'https://gitee.com/aallyy/s5-competition-open-source.git/': The requested URL returned error: 400"
"8","https://gitee.com/alizen/ascend-s3_base","https://gitee.com/alizen/ascend-s3_base.git","R008_gitee_alizen_ascend-s3_base","Failed","","","","2026-07-25 15:04:59","2026-07-25 15:05:02","3.1","remote: [session-964baa92] reject by [gitee]
fatal: unable to access 'https://gitee.com/alizen/ascend-s3_base.git/': The requested URL returned error: 400"
"9","https://gitee.com/aoitok/ascendc_s4","https://gitee.com/aoitok/ascendc_s4.git","R009_gitee_aoitok_ascendc_s4","Failed","","","","2026-07-25 15:05:02","2026-07-25 15:05:05","3.3","remote: [session-cb4b2693] reject by [gitee]
fatal: unable to access 'https://gitee.com/aoitok/ascendc_s4.git/': The requested URL returned error: 400"
"10","https://gitee.com/ascend-operator/s4","https://gitee.com/ascend-operator/s4.git","R010_gitee_ascend-operator_s4","Failed","","","","2026-07-25 15:05:02","2026-07-25 15:05:04","1.8","remote: [session-c14409a9] reject by [gitee]
fatal: unable to access 'https://gitee.com/ascend-operator/s4.git/': The requested URL returned error: 400"
"11","https://gitee.com/ascend-operator/s6","https://gitee.com/ascend-operator/s6.git","R011_gitee_ascend-operator_s6","Failed","","","","2026-07-25 15:05:02","2026-07-25 15:05:04","2.2","remote: [session-7949cb9d] reject by [gitee]
fatal: unable to access 'https://gitee.com/ascend-operator/s6.git/': The requested URL returned error: 400"
"12","https://gitee.com/atom0123/reduce-log-sum-exp","https://gitee.com/atom0123/reduce-log-sum-exp.git","R012_gitee_atom0123_reduce-log-sum-exp","Failed","","","","2026-07-25 15:05:02","2026-07-25 15:05:05","2.7","remote: [session-c546e8b2] reject by [gitee]
fatal: unable to access 'https://gitee.com/atom0123/reduce-log-sum-exp.git/': The requested URL returned error: 400"
"13","https://gitee.com/bingfeng777/ascend-operator-challenge-2024championships-challenge","https://gitee.com/bingfeng777/ascend-operator-challenge-2024championships-challenge.git","R013_gitee_bingfeng777_ascend-operator-challenge-2024championships-challenge","Failed","","","","2026-07-25 15:05:02","2026-07-25 15:05:04","1.5","remote: [session-204dd2a0] reject by [gitee]
fatal: unable to access 'https://gitee.com/bingfeng777/ascend-operator-challenge-2024championships-challenge.git/': The requested URL returned error: 400"
"14","https://gitee.com/bingfeng777/ascend-operator-challenge-s4-challenge","https://gitee.com/bingfeng777/ascend-operator-challenge-s4-challenge.git","R014_gitee_bingfeng777_ascend-operator-challenge-s4-challenge","Failed","","","","2026-07-25 15:05:03","2026-07-25 15:05:05","2.5","remote: [session-d347b6a4] reject by [gitee]
fatal: unable to access 'https://gitee.com/bingfeng777/ascend-operator-challenge-s4-challenge.git/': The requested URL returned error: 400"
"15","https://gitee.com/bingfeng777/ascend-operator-challenge-s5-challenge-ikuyo","https://gitee.com/bingfeng777/ascend-operator-challenge-s5-challenge-ikuyo.git","R015_gitee_bingfeng777_ascend-operator-challenge-s5-challenge-ikuyo","Failed","","","","2026-07-25 15:05:04","2026-07-25 15:05:06","2.3","remote: [session-ac40d486] reject by [gitee]
fatal: unable to access 'https://gitee.com/bingfeng777/ascend-operator-challenge-s5-challenge-ikuyo.git/': The requested URL returned error: 400"
"16","https://gitee.com/bingfeng777/ascend-operator-challenge-s6-challenge-ikuyo","https://gitee.com/bingfeng777/ascend-operator-challenge-s6-challenge-ikuyo.git","R016_gitee_bingfeng777_ascend-operator-challenge-s6-challenge-ikuyo","Failed","","","","2026-07-25 15:05:04","2026-07-25 15:05:08","4.8","remote: [session-4645feba] reject by [gitee]
fatal: unable to access 'https://gitee.com/bingfeng777/ascend-operator-challenge-s6-challenge-ikuyo.git/': The requested URL returned error: 400"
"17","https://gitee.com/chengjiajun2023/s4","https://gitee.com/chengjiajun2023/s4.git","R017_gitee_chengjiajun2023_s4","Failed","","","","2026-07-25 15:05:04","2026-07-25 15:05:07","3.1","fatal: unable to access 'https://gitee.com/chengjiajun2023/s4.git/': schannel: failed to receive handshake, SSL/TLS connection failed"
"18","https://gitee.com/darkduckforyou/ascend-s4","https://gitee.com/darkduckforyou/ascend-s4.git","R018_gitee_darkduckforyou_ascend-s4","Failed","","","","2026-07-25 15:05:05","2026-07-25 15:05:07","1.9","remote: [session-794165b1] reject by [gitee]
fatal: unable to access 'https://gitee.com/darkduckforyou/ascend-s4.git/': The requested URL returned error: 400"
"19","https://gitee.com/Doubleen233/ascend-c-s5-base","https://gitee.com/Doubleen233/ascend-c-s5-base.git","R019_gitee_Doubleen233_ascend-c-s5-base","Failed","","","","2026-07-25 15:05:05","2026-07-25 15:05:13","7.6","remote: [session-6f468092] reject by [gitee]
fatal: unable to access 'https://gitee.com/Doubleen233/ascend-c-s5-base.git/': The requested URL returned error: 400"
"20","https://gitee.com/Doubleen233/ascend-c-s6-base","https://gitee.com/Doubleen233/ascend-c-s6-base.git","R020_gitee_Doubleen233_ascend-c-s6-base","Failed","","","","2026-07-25 15:05:05","2026-07-25 15:05:07","1.3","remote: [session-ba46079c] reject by [gitee]
fatal: unable to access 'https://gitee.com/Doubleen233/ascend-c-s6-base.git/': The requested URL returned error: 400"
"21","https://gitee.com/DreamOfAnts/td-worker-s2","https://gitee.com/DreamOfAnts/td-worker-s2.git","R021_gitee_DreamOfAnts_td-worker-s2","Failed","","","","2026-07-25 15:05:06","2026-07-25 15:05:07","1.5","remote: [session-5c4fc6b4] reject by [gitee]
fatal: unable to access 'https://gitee.com/DreamOfAnts/td-worker-s2.git/': The requested URL returned error: 400"
"22","https://gitee.com/fine116/kun-jin-cuo-hot-pot---s4","https://gitee.com/fine116/kun-jin-cuo-hot-pot---s4.git","R022_gitee_fine116_kun-jin-cuo-hot-pot---s4","Failed","","","","2026-07-25 15:05:06","2026-07-25 15:05:08","1.6","remote: [session-a640318d] reject by [gitee]
fatal: unable to access 'https://gitee.com/fine116/kun-jin-cuo-hot-pot---s4.git/': The requested URL returned error: 400"
"23","https://gitee.com/gao-fuchang/GatherV3","https://gitee.com/gao-fuchang/GatherV3.git","R023_gitee_gao-fuchang_GatherV3","Failed","","","","2026-07-25 15:05:07","2026-07-25 15:05:08","1.5","remote: [session-0f4bbba7] reject by [gitee]
fatal: unable to access 'https://gitee.com/gao-fuchang/GatherV3.git/': The requested URL returned error: 400"
"24","https://gitee.com/gao-fuchang/s6-groupnorm","https://gitee.com/gao-fuchang/s6-groupnorm.git","R024_gitee_gao-fuchang_s6-groupnorm","Failed","","","","2026-07-25 15:05:07","2026-07-25 15:05:08","1.2","remote: [session-e8416cb5] reject by [gitee]
fatal: unable to access 'https://gitee.com/gao-fuchang/s6-groupnorm.git/': The requested URL returned error: 400"
"25","https://gitee.com/guo-guotong/ascend-developer-competition/tree/master/","https://gitee.com/guo-guotong/ascend-developer-competition.git","R025_gitee_guo-guotong_ascend-developer-competition","Failed","","","","2026-07-25 15:05:07","2026-07-25 15:05:10","2.5","remote: [session-85428aa6] reject by [gitee]
fatal: unable to access 'https://gitee.com/guo-guotong/ascend-developer-competition.git/': The requested URL returned error: 400"
"26","https://gitee.com/h_y_bb/s5-ascend/tree/master/GatherV3","https://gitee.com/h_y_bb/s5-ascend.git","R026_gitee_h_y_bb_s5-ascend","Failed","","","","2026-07-25 15:05:07","2026-07-25 15:05:09","1.5","remote: [session-014a4d8e] reject by [gitee]
fatal: unable to access 'https://gitee.com/h_y_bb/s5-ascend.git/': The requested URL returned error: 400"
"27","https://gitee.com/ieu-space/fractional-max-pool3-dgrad","https://gitee.com/ieu-space/fractional-max-pool3-dgrad.git","R027_gitee_ieu-space_fractional-max-pool3-dgrad","Failed","","","","2026-07-25 15:05:08","2026-07-25 15:05:09","1.5","remote: [session-964a259a] reject by [gitee]
fatal: unable to access 'https://gitee.com/ieu-space/fractional-max-pool3-dgrad.git/': The requested URL returned error: 400"
"28","https://gitee.com/jinjinshuhua/competition-archive","https://gitee.com/jinjinshuhua/competition-archive.git","R028_gitee_jinjinshuhua_competition-archive","Failed","","","","2026-07-25 15:05:08","2026-07-25 15:05:09","1.6","remote: [session-c346d6b1] reject by [gitee]
fatal: unable to access 'https://gitee.com/jinjinshuhua/competition-archive.git/': The requested URL returned error: 400"
"29","https://gitee.com/justmemb/s5","https://gitee.com/justmemb/s5.git","R029_gitee_justmemb_s5","Failed","","","","2026-07-25 15:05:08","2026-07-25 15:05:10","2.4","remote: [session-fb49f5be] reject by [gitee]
fatal: unable to access 'https://gitee.com/justmemb/s5.git/': The requested URL returned error: 400"
"30","https://gitee.com/kinnnnnnn/gcd_out","https://gitee.com/kinnnnnnn/gcd_out.git","R030_gitee_kinnnnnnn_gcd_out","Failed","","","","2026-07-25 15:05:08","2026-07-25 15:05:10","1.9","remote: [session-2e4a25a5] reject by [gitee]
fatal: unable to access 'https://gitee.com/kinnnnnnn/gcd_out.git/': The requested URL returned error: 400"
"31","https://gitee.com/lijie1001/glu-jvp","https://gitee.com/lijie1001/glu-jvp.git","R031_gitee_lijie1001_glu-jvp","Failed","","","","2026-07-25 15:05:08","2026-07-25 15:05:10","1.3","remote: [session-444c4fbd] reject by [gitee]
fatal: unable to access 'https://gitee.com/lijie1001/glu-jvp.git/': The requested URL returned error: 400"
"32","https://gitee.com/miracleqiji/Ascend_C_2024","https://gitee.com/miracleqiji/Ascend_C_2024.git","R032_gitee_miracleqiji_Ascend_C_2024","Failed","","","","2026-07-25 15:05:09","2026-07-25 15:05:13","4.3","remote: [session-384177ac] reject by [gitee]
fatal: unable to access 'https://gitee.com/miracleqiji/Ascend_C_2024.git/': The requested URL returned error: 400"
"33","https://gitee.com/miracleqiji/Ascend_C_S4","https://gitee.com/miracleqiji/Ascend_C_S4.git","R033_gitee_miracleqiji_Ascend_C_S4","Failed","","","","2026-07-25 15:05:09","2026-07-25 15:05:11","1.8","remote: [session-4e42559a] reject by [gitee]
fatal: unable to access 'https://gitee.com/miracleqiji/Ascend_C_S4.git/': The requested URL returned error: 400"
"34","https://gitee.com/miracleqiji/Ascend_C_S5","https://gitee.com/miracleqiji/Ascend_C_S5.git","R034_gitee_miracleqiji_Ascend_C_S5","Failed","","","","2026-07-25 15:05:09","2026-07-25 15:05:12","2.2","remote: [session-3f41a8b0] reject by [gitee]
fatal: unable to access 'https://gitee.com/miracleqiji/Ascend_C_S5.git/': The requested URL returned error: 400"
"35","https://gitee.com/miracleqiji/Ascend_C_S6/tree/master/","https://gitee.com/miracleqiji/Ascend_C_S6.git","R035_gitee_miracleqiji_Ascend_C_S6","Failed","","","","2026-07-25 15:05:10","2026-07-25 15:05:12","1.9","remote: [session-3e449b8e] reject by [gitee]
fatal: unable to access 'https://gitee.com/miracleqiji/Ascend_C_S6.git/': The requested URL returned error: 400"
"36","https://gitee.com/Nicet/no-one-ascend-coperator-s4","https://gitee.com/Nicet/no-one-ascend-coperator-s4.git","R036_gitee_Nicet_no-one-ascend-coperator-s4","Failed","","","","2026-07-25 15:05:10","2026-07-25 15:05:12","2.3","remote: [session-614330b7] reject by [gitee]
fatal: unable to access 'https://gitee.com/Nicet/no-one-ascend-coperator-s4.git/': The requested URL returned error: 400"
"37","https://gitee.com/Nicet/npu-iil-stars-final","https://gitee.com/Nicet/npu-iil-stars-final.git","R037_gitee_Nicet_npu-iil-stars-final","Failed","","","","2026-07-25 15:05:10","2026-07-25 15:05:12","2.1","remote: [session-e24d1d90] reject by [gitee]
fatal: unable to access 'https://gitee.com/Nicet/npu-iil-stars-final.git/': The requested URL returned error: 400"
"38","https://gitee.com/Nicet/s5-code","https://gitee.com/Nicet/s5-code.git","R038_gitee_Nicet_s5-code","Failed","","","","2026-07-25 15:05:10","2026-07-25 15:05:14","3.5","remote: [session-cb4f6d88] reject by [gitee]
fatal: unable to access 'https://gitee.com/Nicet/s5-code.git/': The requested URL returned error: 400"
"39","https://gitee.com/Nicet/s6-code","https://gitee.com/Nicet/s6-code.git","R039_gitee_Nicet_s6-code","Failed","","","","2026-07-25 15:05:11","2026-07-25 15:05:14","2.7","remote: [session-f249d296] reject by [gitee]
fatal: unable to access 'https://gitee.com/Nicet/s6-code.git/': The requested URL returned error: 400"
"40","https://gitee.com/noninfinity/ascend-c-s4-performance.git","https://gitee.com/noninfinity/ascend-c-s4-performance.git","R040_gitee_noninfinity_ascend-c-s4-performance","Failed","","","","2026-07-25 15:05:12","2026-07-25 15:05:14","2.1","remote: [session-464677b3] reject by [gitee]
fatal: unable to access 'https://gitee.com/noninfinity/ascend-c-s4-performance.git/': The requested URL returned error: 400"
"41","https://gitee.com/noninfinity/s6","https://gitee.com/noninfinity/s6.git","R041_gitee_noninfinity_s6","Failed","","","","2026-07-25 15:05:12","2026-07-25 15:05:14","2.4","remote: [session-0440ffaf] reject by [gitee]
fatal: unable to access 'https://gitee.com/noninfinity/s6.git/': The requested URL returned error: 400"
"42","https://gitee.com/nxd3/Ascend-AI-Operator-Challenge-S4-Challenge-Code","https://gitee.com/nxd3/Ascend-AI-Operator-Challenge-S4-Challenge-Code.git","R042_gitee_nxd3_Ascend-AI-Operator-Challenge-S4-Challenge-Code","Failed","","","","2026-07-25 15:05:12","2026-07-25 15:05:14","2.2","remote: [session-7148d48d] reject by [gitee]
fatal: unable to access 'https://gitee.com/nxd3/Ascend-AI-Operator-Challenge-S4-Challenge-Code.git/': The requested URL returned error: 400"
"43","https://gitee.com/rezxc/ascend-c_-s6","https://gitee.com/rezxc/ascend-c_-s6.git","R043_gitee_rezxc_ascend-c_-s6","Failed","","","","2026-07-25 15:05:12","2026-07-25 15:05:14","2","remote: [session-1d44e180] reject by [gitee]
fatal: unable to access 'https://gitee.com/rezxc/ascend-c_-s6.git/': The requested URL returned error: 400"
"44","https://gitee.com/sun_jie001/champion","https://gitee.com/sun_jie001/champion.git","R044_gitee_sun_jie001_champion","Failed","","","","2026-07-25 15:05:13","2026-07-25 15:05:15","2.2","remote: [session-b14d1fb1] reject by [gitee]
fatal: unable to access 'https://gitee.com/sun_jie001/champion.git/': The requested URL returned error: 400"
"45","https://gitee.com/sun_jie001/s4","https://gitee.com/sun_jie001/s4.git","R045_gitee_sun_jie001_s4","Failed","","","","2026-07-25 15:05:13","2026-07-25 15:05:15","1.3","remote: [session-274d21af] reject by [gitee]
fatal: unable to access 'https://gitee.com/sun_jie001/s4.git/': The requested URL returned error: 400"
"46","https://gitee.com/syn006/s4/tree/master/s5","https://gitee.com/syn006/s4.git","R046_gitee_syn006_s4","Failed","","","","2026-07-25 15:05:14","2026-07-25 15:05:16","2.1","remote: [session-7e49b988] reject by [gitee]
fatal: unable to access 'https://gitee.com/syn006/s4.git/': The requested URL returned error: 400"
"47","https://gitee.com/timmy2015/2024-Annual-Championship-Finals-Ascend-C","https://gitee.com/timmy2015/2024-Annual-Championship-Finals-Ascend-C.git","R047_gitee_timmy2015_2024-Annual-Championship-Finals-Ascend-C","Failed","","","","2026-07-25 15:05:14","2026-07-25 15:05:16","1.9","remote: [session-2540dd96] reject by [gitee]
fatal: unable to access 'https://gitee.com/timmy2015/2024-Annual-Championship-Finals-Ascend-C.git/': The requested URL returned error: 400"
"48","https://gitee.com/timmy2015/s6-ascend-c","https://gitee.com/timmy2015/s6-ascend-c.git","R048_gitee_timmy2015_s6-ascend-c","Failed","","","","2026-07-25 15:05:14","2026-07-25 15:05:15","1.6","remote: [session-0742cf8b] reject by [gitee]
fatal: unable to access 'https://gitee.com/timmy2015/s6-ascend-c.git/': The requested URL returned error: 400"
"49","https://gitee.com/vexlife/ascendc_s4","https://gitee.com/vexlife/ascendc_s4.git","R049_gitee_vexlife_ascendc_s4","Failed","","","","2026-07-25 15:05:14","2026-07-25 15:05:16","1.7","remote: [session-994ef2bf] reject by [gitee]
fatal: unable to access 'https://gitee.com/vexlife/ascendc_s4.git/': The requested URL returned error: 400"
"50","https://gitee.com/wang-shuai2395/us5/tree/master","https://gitee.com/wang-shuai2395/us5.git","R050_gitee_wang-shuai2395_us5","Failed","","","","2026-07-25 15:05:14","2026-07-25 15:05:16","2","remote: [session-944ed88b] reject by [gitee]
fatal: unable to access 'https://gitee.com/wang-shuai2395/us5.git/': The requested URL returned error: 400"
"51","https://gitee.com/wang-shuai2395/us6","https://gitee.com/wang-shuai2395/us6.git","R051_gitee_wang-shuai2395_us6","Failed","","","","2026-07-25 15:05:14","2026-07-25 15:05:19","4.5","remote: [session-834ce287] reject by [gitee]
fatal: unable to access 'https://gitee.com/wang-shuai2395/us6.git/': The requested URL returned error: 400"
"52","https://gitee.com/wenyidylan/ascend-c_ops_-s6","https://gitee.com/wenyidylan/ascend-c_ops_-s6.git","R052_gitee_wenyidylan_ascend-c_ops_-s6","Failed","","","","2026-07-25 15:05:15","2026-07-25 15:05:16","1.3","remote: [session-274f05ac] reject by [gitee]
fatal: unable to access 'https://gitee.com/wenyidylan/ascend-c_ops_-s6.git/': The requested URL returned error: 400"
"53","https://gitee.com/wenyidylan/AscendC-2024final","https://gitee.com/wenyidylan/AscendC-2024final.git","R053_gitee_wenyidylan_AscendC-2024final","Failed","","","","2026-07-25 15:05:15","2026-07-25 15:05:17","2.4","remote: [session-6f4006a6] reject by [gitee]
fatal: unable to access 'https://gitee.com/wenyidylan/AscendC-2024final.git/': The requested URL returned error: 400"
"54","https://gitee.com/wenyidylan/AscendC-S4","https://gitee.com/wenyidylan/AscendC-S4.git","R054_gitee_wenyidylan_AscendC-S4","Failed","","","","2026-07-25 15:05:15","2026-07-25 15:05:17","1.7","remote: [session-c344d3b0] reject by [gitee]
fatal: unable to access 'https://gitee.com/wenyidylan/AscendC-S4.git/': The requested URL returned error: 400"
"55","https://gitee.com/xiao-xunpeng/cann-ops-s6-challenge","https://gitee.com/xiao-xunpeng/cann-ops-s6-challenge.git","R055_gitee_xiao-xunpeng_cann-ops-s6-challenge","Failed","","","","2026-07-25 15:05:16","2026-07-25 15:05:17","1.3","remote: [session-2c4989b4] reject by [gitee]
fatal: unable to access 'https://gitee.com/xiao-xunpeng/cann-ops-s6-challenge.git/': The requested URL returned error: 400"
"56","https://gitee.com/xiao-xunpeng/s6-basic-operator","https://gitee.com/xiao-xunpeng/s6-basic-operator.git","R056_gitee_xiao-xunpeng_s6-basic-operator","Failed","","","","2026-07-25 15:05:16","2026-07-25 15:05:18","1.8","remote: [session-594e74b5] reject by [gitee]
fatal: unable to access 'https://gitee.com/xiao-xunpeng/s6-basic-operator.git/': The requested URL returned error: 400"
"57","https://gitee.com/xiao-xunpeng/s6-challenge-operator","https://gitee.com/xiao-xunpeng/s6-challenge-operator.git","R057_gitee_xiao-xunpeng_s6-challenge-operator","Failed","","","","2026-07-25 15:05:16","2026-07-25 15:05:18","1.9","remote: [session-724347af] reject by [gitee]
fatal: unable to access 'https://gitee.com/xiao-xunpeng/s6-challenge-operator.git/': The requested URL returned error: 400"
"58","https://gitee.com/xingke2021/Operator-S5-Base/","https://gitee.com/xingke2021/Operator-S5-Base.git","R058_gitee_xingke2021_Operator-S5-Base","Failed","","","","2026-07-25 15:05:16","2026-07-25 15:05:17","1.3","remote: [session-e44dc1bd] reject by [gitee]
fatal: unable to access 'https://gitee.com/xingke2021/Operator-S5-Base.git/': The requested URL returned error: 400"
"59","https://gitee.com/xingke2021/Operator-S6-Base/","https://gitee.com/xingke2021/Operator-S6-Base.git","R059_gitee_xingke2021_Operator-S6-Base","Failed","","","","2026-07-25 15:05:16","2026-07-25 15:05:18","2.2","remote: [session-a64520aa] reject by [gitee]
fatal: unable to access 'https://gitee.com/xingke2021/Operator-S6-Base.git/': The requested URL returned error: 400"
"60","https://gitee.com/y-py014/AscendC-2024Final","https://gitee.com/y-py014/AscendC-2024Final.git","R060_gitee_y-py014_AscendC-2024Final","Failed","","","","2026-07-25 15:05:17","2026-07-25 15:05:27","10","fatal: Cannot prompt because user interactivity has been disabled.
fatal: could not read Username for 'https://gitee.com': terminal prompts disabled"
"61","https://gitee.com/y-py014/AscendC-S4","https://gitee.com/y-py014/AscendC-S4.git","R061_gitee_y-py014_AscendC-S4","Failed","","","","2026-07-25 15:05:17","2026-07-25 15:05:20","3.1","remote: [session-474c07be] reject by [gitee]
fatal: unable to access 'https://gitee.com/y-py014/AscendC-S4.git/': The requested URL returned error: 400"
"62","https://gitee.com/y-py014/AscendC-S5/","https://gitee.com/y-py014/AscendC-S5.git","R062_gitee_y-py014_AscendC-S5","Failed","","","","2026-07-25 15:05:17","2026-07-25 15:05:20","2.9","remote: [session-fa434682] reject by [gitee]
fatal: unable to access 'https://gitee.com/y-py014/AscendC-S5.git/': The requested URL returned error: 400"
"63","https://gitee.com/yellow-fitness/arg-min","https://gitee.com/yellow-fitness/arg-min.git","R063_gitee_yellow-fitness_arg-min","Failed","","","","2026-07-25 15:05:17","2026-07-25 15:05:19","1.6","remote: [session-c547d299] reject by [gitee]
fatal: unable to access 'https://gitee.com/yellow-fitness/arg-min.git/': The requested URL returned error: 400"
"64","https://gitee.com/yellow-fitness/log-sum-exponent-reduction","https://gitee.com/yellow-fitness/log-sum-exponent-reduction.git","R064_gitee_yellow-fitness_log-sum-exponent-reduction","Failed","","","","2026-07-25 15:05:18","2026-07-25 15:05:20","2.2","remote: [session-484fb39c] reject by [gitee]
fatal: unable to access 'https://gitee.com/yellow-fitness/log-sum-exponent-reduction.git/': The requested URL returned error: 400"
"65","https://gitee.com/yolo_mic/ascend-cs6","https://gitee.com/yolo_mic/ascend-cs6.git","R065_gitee_yolo_mic_ascend-cs6","Failed","","","","2026-07-25 15:05:18","2026-07-25 15:05:20","2.6","remote: [session-754d3494] reject by [gitee]
fatal: unable to access 'https://gitee.com/yolo_mic/ascend-cs6.git/': The requested URL returned error: 400"
"66","https://gitee.com/znynn/2024-championship-tournament/tree/master/","https://gitee.com/znynn/2024-championship-tournament.git","R066_gitee_znynn_2024-championship-tournament","Failed","","","","2026-07-25 15:05:18","2026-07-25 15:05:20","1.8","remote: [session-b540e4b7] reject by [gitee]
fatal: unable to access 'https://gitee.com/znynn/2024-championship-tournament.git/': The requested URL returned error: 400"
"67","https://gitee.com/znynn/gdufs-s4-basic-performance-operators","https://gitee.com/znynn/gdufs-s4-basic-performance-operators.git","R067_gitee_znynn_gdufs-s4-basic-performance-operators","Failed","","","","2026-07-25 15:05:19","2026-07-25 15:05:20","1.3","remote: [session-9844bb9d] reject by [gitee]
fatal: unable to access 'https://gitee.com/znynn/gdufs-s4-basic-performance-operators.git/': The requested URL returned error: 400"
"68","https://gitee.com/znynn/s5basicoperator/tree/master/FresnelCosGoldenSample/_zip","https://gitee.com/znynn/s5basicoperator.git","R068_gitee_znynn_s5basicoperator","Failed","","","","2026-07-25 15:05:19","2026-07-25 15:05:21","2.2","remote: [session-354f138d] reject by [gitee]
fatal: unable to access 'https://gitee.com/znynn/s5basicoperator.git/': The requested URL returned error: 400"
"69","https://gitee.com/znynn/s6basicopeator/tree/master/GroupNorm","https://gitee.com/znynn/s6basicopeator.git","R069_gitee_znynn_s6basicopeator","Failed","","","","2026-07-25 15:05:20","2026-07-25 15:05:22","2.8","remote: [session-7745f9b8] reject by [gitee]
fatal: unable to access 'https://gitee.com/znynn/s6basicopeator.git/': The requested URL returned error: 400"
"70","https://gitee.com/zzh-stable/ascend-s4","https://gitee.com/zzh-stable/ascend-s4.git","R070_gitee_zzh-stable_ascend-s4","Failed","","","","2026-07-25 15:05:20","2026-07-25 15:05:22","1.8","remote: [session-b04061aa] reject by [gitee]
fatal: unable to access 'https://gitee.com/zzh-stable/ascend-s4.git/': The requested URL returned error: 400"
"71","https://github.com/2044145178/AscendC_S4#","https://github.com/2044145178/AscendC_S4.git","R071_github_2044145178_AscendC_S4","Cloned","5ccb1b19243dabf7bec46803d5394140e81400ba","master","2025/5/30 11:01:41","2026-07-25 15:05:20","2026-07-25 15:06:49","88.7",""
"72","https://github.com/2044145178/AscendC_S5","https://github.com/2044145178/AscendC_S5.git","R072_github_2044145178_AscendC_S5","Cloned","ae449ce42d5f73b98993733a5d0e192722f3cf8a","master","2025/9/7 16:28:34","2026-07-25 15:05:20","2026-07-25 15:05:23","2.7",""
"73","https://github.com/ascend-124/s4","https://github.com/ascend-124/s4.git","R073_github_ascend-124_s4","Cloned","72fa362b1e2378ef972dc20818fc5e5ce318164b","main","2025/6/2 16:08:02","2026-07-25 15:05:20","2026-07-25 15:05:27","6.3",""
"74","https://github.com/ascend-124/s5","https://github.com/ascend-124/s5.git","R074_github_ascend-124_s5","Cloned","e59405e7b136699c7181d7df48db9f7019760c60","main","2025/9/14 15:58:03","2026-07-25 15:05:20","2026-07-25 15:05:29","8.8",""
"75","https://github.com/ascend-124/s6","https://github.com/ascend-124/s6.git","R075_github_ascend-124_s6","Cloned","53e47bdf0b140ded0a1549ec8117399029de6b9a","main","2025/11/16 21:51:34","2026-07-25 15:05:21","2026-07-25 15:05:27","6.3",""
"76","https://github.com/asfsdsf/AscendC-S6","https://github.com/asfsdsf/AscendC-S6.git","R076_github_asfsdsf_AscendC-S6","Cloned","25395bf61e53625ebf6bfc3f93e65d849420e07b","master","2025/11/17 16:30:28","2026-07-25 15:05:22","2026-07-25 15:05:26","3.8",""
"77","https://github.com/Brown-Bert/S4.git","https://github.com/Brown-Bert/S4.git","R077_github_Brown-Bert_S4","Cloned","e8b2973bc9f677373a81c52d2f65aa2b80e4bc69","main","2025/6/3 15:36:04","2026-07-25 15:05:22","2026-07-25 15:07:35","132.8",""
"78","https://github.com/Brown-Bert/S5","https://github.com/Brown-Bert/S5.git","R078_github_Brown-Bert_S5","Cloned","323fad762be0213f6e3cf388f33acbc840af09db","main","2025/9/12 17:16:59","2026-07-25 15:05:23","2026-07-25 15:05:37","14.6",""
"79","https://github.com/bubu-12/Ascendc-S4","https://github.com/bubu-12/Ascendc-S4.git","R079_github_bubu-12_Ascendc-S4","Cloned","3aa12fad494738e3ea52ad6d537242352a4c0f59","master","2025/5/30 22:24:04","2026-07-25 15:05:26","2026-07-25 15:05:31","5.5",""
"80","https://github.com/bubu-12/Ascendc-S5","https://github.com/bubu-12/Ascendc-S5.git","R080_github_bubu-12_Ascendc-S5","Cloned","392d0c7fa1096717b43985416f6cbee34b88a284","main","2025/9/16 21:59:12","2026-07-25 15:05:27","2026-07-25 15:05:44","17.2",""
"81","https://github.com/Cishoon/AscendC-S4-Basic","https://github.com/Cishoon/AscendC-S4-Basic.git","R081_github_Cishoon_AscendC-S4-Basic","Cloned","3f289d1f5be69a92cc6c6eff5383a41c55cc323f","master","2025/3/31 3:10:38","2026-07-25 15:05:27","2026-07-25 15:05:30","3.4",""
"82","https://github.com/clamee/-AI---","https://github.com/clamee/-AI---.git","R082_github_clamee_-AI---","Cloned","39989074963b2a7fa824d9564a7f942db98018c0","main","2025/9/21 22:29:20","2026-07-25 15:05:27","2026-07-25 15:05:37","9.9",""
"83","https://github.com/clamee/s6-Hypot","https://github.com/clamee/s6-Hypot.git","R083_github_clamee_s6-Hypot","Cloned","c7897180791bb4175d0e616f570c38e53339e7f2","main","2025/12/15 20:13:08","2026-07-25 15:05:29","2026-07-25 15:05:44","14.9",""
"84","https://github.com/DanceToBurning/Ascend-S6-/tree/main","https://github.com/DanceToBurning/Ascend-S6-.git","R084_github_DanceToBurning_Ascend-S6-","Cloned","42bbdacb0f53fa1f01f28f4fdfb8db45d448e0dc","main","2025/11/13 14:38:39","2026-07-25 15:05:30","2026-07-25 15:05:34","3.3",""
"85","https://github.com/halfstark/ascend-s5","https://github.com/halfstark/ascend-s5.git","R085_github_halfstark_ascend-s5","Cloned","58001c271c0a48b3596be12dccdac5592e085030","main","2025/9/10 13:28:22","2026-07-25 15:05:31","2026-07-25 15:05:35","4",""
"86","https://github.com/JackSimbol02/CANN-Comp","https://github.com/JackSimbol02/CANN-Comp.git","R086_github_JackSimbol02_CANN-Comp","Cloned","11eb021e49c8be477ed788e47f3c2567dd6f24a5","main","2025/6/8 9:14:15","2026-07-25 15:05:34","2026-07-25 15:05:38","4.4",""
"87","https://github.com/KaranocaVe/AscendC-S6","https://github.com/KaranocaVe/AscendC-S6.git","R087_github_KaranocaVe_AscendC-S6","Cloned","556c978b1b2681ae5639020a57fbbabe6f19e712","main","2025/11/10 20:04:37","2026-07-25 15:05:35","2026-07-25 15:05:39","3.5",""
"88","https://github.com/kgcyyds/S4.git","https://github.com/kgcyyds/S4.git","R088_github_kgcyyds_S4","Cloned","510743530829d9bf5054955a93edbc6e04ad71ee","main","2025/5/30 16:28:52","2026-07-25 15:05:37","2026-07-25 15:05:39","1.9",""
"89","https://github.com/kgcyyds/S5_HustAga.git","https://github.com/kgcyyds/S5_HustAga.git","R089_github_kgcyyds_S5_HustAga","Cloned","60d2092e506aa25940474ba277bd1b32a070a76b","main","2025/9/11 18:26:15","2026-07-25 15:05:37","2026-07-25 15:05:42","4.1",""
"90","https://github.com/kgcyyds/S6.git","https://github.com/kgcyyds/S6.git","R090_github_kgcyyds_S6","Cloned","d07d7a12d8f17878cfe4438f03880a90aaa38ebd","main","2025/11/15 17:07:37","2026-07-25 15:05:38","2026-07-25 15:05:42","3.5",""
"91","https://github.com/linnlh/ascendc-2024-final","https://github.com/linnlh/ascendc-2024-final.git","R091_github_linnlh_ascendc-2024-final","Cloned","794074e0948dd9d2b3f1a708b2a4d77cd7c32406","master","2025/6/9 23:11:19","2026-07-25 15:05:39","2026-07-25 15:05:45","6.1",""
"92","https://github.com/meaningfuI/Ascend-S5","https://github.com/meaningfuI/Ascend-S5.git","R092_github_meaningfuI_Ascend-S5","Cloned","c0dfa654fbb32edd7df2099d2c96382a70f5ffa3","main","2025/9/12 17:34:29","2026-07-25 15:05:39","2026-07-25 15:05:41","2.2",""
"93","https://github.com/MiracleDrawer/Ascend_S4","https://github.com/MiracleDrawer/Ascend_S4.git","R093_github_MiracleDrawer_Ascend_S4","Cloned","7afa4c5a4a340741400851009051fc38641b1470","master","2025/4/2 16:04:06","2026-07-25 15:05:41","2026-07-25 15:10:29","287.6",""
"94","https://github.com/Qeeweew/AscendC-2025-5-23","https://github.com/Qeeweew/AscendC-2025-5-23.git","R094_github_Qeeweew_AscendC-2025-5-23","Cloned","0e692451bb7a21a825aa948606eb646e9894786d","main","2025/5/30 18:21:25","2026-07-25 15:05:42","2026-07-25 15:05:48","6",""
"95","https://github.com/Qeeweew/AscendC-S4","https://github.com/Qeeweew/AscendC-S4.git","R095_github_Qeeweew_AscendC-S4","Cloned","9d004068fd31f5282112dc224e3dd48a2417db64","master","2025/5/30 18:00:52","2026-07-25 15:05:42","2026-07-25 15:05:47","5.7",""
"96","https://github.com/Qeeweew/AscendC-S5-GluJvp","https://github.com/Qeeweew/AscendC-S5-GluJvp.git","R096_github_Qeeweew_AscendC-S5-GluJvp","Cloned","e4078a0792498085b893179ce5c4595b62f74813","main","2025/9/14 15:56:15","2026-07-25 15:05:44","2026-07-25 15:05:48","4.6",""
"97","https://github.com/Qeeweew/AscendC-S6-Logcumsumexp","https://github.com/Qeeweew/AscendC-S6-Logcumsumexp.git","R097_github_Qeeweew_AscendC-S6-Logcumsumexp","Cloned","e28217e7f31933659b71eab60e3fff9c704713ff","main","2025/11/19 10:57:21","2026-07-25 15:05:44","2026-07-25 15:05:56","11.7",""
"98","https://github.com/Rotaeno/Pows","https://github.com/Rotaeno/Pows.git","R098_github_Rotaeno_Pows","Cloned","8817c8d6ecb89f4928bbf9751454f8e00e88286a","main","2025/5/30 18:38:56","2026-07-25 15:05:45","2026-07-25 15:05:52","7.3",""
"99","https://github.com/rura-t/AscendOps","https://github.com/rura-t/AscendOps.git","R099_github_rura-t_AscendOps","Cloned","d7b2b3e4465797c1e5a1d655c7b3d100a0061036","main","2025/6/15 18:13:00","2026-07-25 15:05:47","2026-07-25 15:05:51","4",""
"100","https://github.com/ShwStone/Ascend-S5","https://github.com/ShwStone/Ascend-S5.git","R100_github_ShwStone_Ascend-S5","Cloned","ad64217e66377796783f3e1b7fe8ddbcb62b9a51","main","2025/8/12 16:54:47","2026-07-25 15:05:48","2026-07-25 15:05:54","6.1",""
"101","https://github.com/sunkafei/ascend-operator-challenge-final","https://github.com/sunkafei/ascend-operator-challenge-final.git","R101_github_sunkafei_ascend-operator-challenge-final","Cloned","009cc71c449449826d0d261f2bed28d712f15261","main","2025/5/23 21:38:11","2026-07-25 15:05:48","2026-07-25 15:05:53","4.3",""
"102","https://github.com/T1z1anXXX/champion2024-ascend-oprator","https://github.com/T1z1anXXX/champion2024-ascend-oprator.git","R102_github_T1z1anXXX_champion2024-ascend-oprator","Cloned","477aebdf1c75cb236907c36ed12d04f05f6044cf","main","2025/6/11 21:25:53","2026-07-25 15:05:51","2026-07-25 15:05:56","4.4",""
"103","https://github.com/tangyhang/ascend--challenge-2024","https://github.com/tangyhang/ascend--challenge-2024.git","R103_github_tangyhang_ascend--challenge-2024","Cloned","fe017e4d7c1cea2d54f3707ee0e6bc9edbf09a04","main","2025/6/12 18:27:42","2026-07-25 15:05:52","2026-07-25 15:05:59","6.5",""
"104","https://github.com/ustc1587/ReduceLogSumExp","https://github.com/ustc1587/ReduceLogSumExp.git","R104_github_ustc1587_ReduceLogSumExp","Cloned","23f22897805d16d7271585a015c1a6de2ed1f2af","main","2025/8/22 9:10:11","2026-07-25 15:05:53","2026-07-25 15:05:58","5.6",""
"105","https://github.com/wilburx813/ascend_s4","https://github.com/wilburx813/ascend_s4.git","R105_github_wilburx813_ascend_s4","Failed","","","","2026-07-25 15:05:54","2026-07-25 15:05:57","3.6","remote: Repository not found.
fatal: repository 'https://github.com/wilburx813/ascend_s4.git/' not found"
"106","https://github.com/winfan1314/AscendC-ops-24Final-Tangefly.git","https://github.com/winfan1314/AscendC-ops-24Final-Tangefly.git","R106_github_winfan1314_AscendC-ops-24Final-Tangefly","Cloned","e1ca8f4d9efe345beaf817b2535d8ee7e88d1f91","main","2025/6/15 17:23:08","2026-07-25 15:05:56","2026-07-25 15:06:03","7.4",""
"107","https://github.com/winfan1314/AscendC-S4-Base.git","https://github.com/winfan1314/AscendC-S4-Base.git","R107_github_winfan1314_AscendC-S4-Base","Cloned","5587be977688a3bbb74f574ffacd18a85ee4f06b","main","2025/5/30 11:27:01","2026-07-25 15:05:56","2026-07-25 15:05:59","2.8",""
"108","https://github.com/wybxw/Ascend_ops_Base_S6","https://github.com/wybxw/Ascend_ops_Base_S6.git","R108_github_wybxw_Ascend_ops_Base_S6","Cloned","d5e06fa213468ad4f61f1151d37668f3fc5b9ce9","master","2025/11/13 11:04:52","2026-07-25 15:05:57","2026-07-25 15:06:01","3.3",""
"109","https://github.com/wybxw/Ascend_ops_Performance_S6","https://github.com/wybxw/Ascend_ops_Performance_S6.git","R109_github_wybxw_Ascend_ops_Performance_S6","Cloned","6e9b98a3636e7e779896330cca21f6392fd886a0","main","2025/11/13 11:05:42","2026-07-25 15:05:58","2026-07-25 15:06:02","3.3",""
"110","https://github.com/XKevin63/ascendC-S4-Base","https://github.com/XKevin63/ascendC-S4-Base.git","R110_github_XKevin63_ascendC-S4-Base","Cloned","acc93377e98c370638175a0aa6deadb29c7c3d68","main","2026/3/23 15:44:06","2026-07-25 15:05:59","2026-07-25 15:06:07","8",""
"111","https://github.com/xxxkkw/Ascend-AI-Innovation-Operator-Challenge-S4-Season","https://github.com/xxxkkw/Ascend-AI-Innovation-Operator-Challenge-S4-Season.git","R111_github_xxxkkw_Ascend-AI-Innovation-Operator-Challenge-S4-Season","Cloned","204598ce5898a09dcc35f7f9801a27bf4eb1d518","main","2025/6/2 19:51:21","2026-07-25 15:05:59","2026-07-25 15:06:04","5.4",""
"112","https://github.com/yuntaoyulong/-S5-/","https://github.com/yuntaoyulong/-S5-.git","R112_github_yuntaoyulong_-S5-","Cloned","c42d2b46a44737a669cc2a3368046952e7192633","main","2025/12/5 18:21:06","2026-07-25 15:06:01","2026-07-25 15:06:03","2.8",""
"113","https://github.com/zzh-stable/ascend-s5","https://github.com/zzh-stable/ascend-s5.git","R113_github_zzh-stable_ascend-s5","Cloned","329c78b169bf8b4e1612abddf89b7151a2ffda27","main","2025/9/8 16:58:14","2026-07-25 15:06:02","2026-07-25 15:06:07","5.4",""
