"OriginalUrl","Sources","Category","DiscoveryMethods","WebStatus","HttpStatus","WebArchiveFile","RepositoryStatus","RepositoryDirectory","RepositoryHead","OverallStatus","ErrorOrNote"
"http://e.huawei.com/","华为云Ascend C算子开发环境搭建手册.docx","WebPage","Visible text / Word HYPERLINK field","Failed","502","S001.html","NotApplicable","","","Failed","Response status code does not indicate success: 502 (Bad Gateway)."
"https://console.huaweicloud.com/iam/?region=cn-southwest-2&locale=zh-cn#/mine/apiCredential","算子挑战赛（S9赛季）云资源代金券申请指南.pdf","CloudConsole","PDF text/annotation","Archived","200","S002.html","NotApplicable","","","PageArchived",""
"https://console.huaweicloud.com/modelarts/?region=cn-north-4","华为云Ascend C算子开发环境搭建手册.docx","CloudConsole","Word HYPERLINK field","Archived","200","S003.html","NotApplicable","","","PageArchived",""
"https://docs.pytorch.org/docs/2.1/generated/torch.autograd.functional.jvp.html#torch.autograd.functional.jvp","S5挑战性能赛题_01.xlsx","Specification","artifact-tool workbook inspection","Archived","200","S004.html","NotApplicable","","","PageArchived",""
"https://docs.pytorch.org/docs/2.1/generated/torch.bitwise_left_shift.html#torch-bitwise-left-shift","S5挑战性能赛题_01.xlsx","Specification","artifact-tool workbook inspection","Archived","200","S005.html","NotApplicable","","","PageArchived",""
"https://docs.pytorch.org/docs/2.1/generated/torch.copysign.html#torch-copysign","S5挑战性能赛题_01.xlsx","Specification","artifact-tool workbook inspection","Archived","200","S006.html","NotApplicable","","","PageArchived",""
"https://docs.pytorch.org/docs/2.1/generated/torch.gcd.html#torch.gcd","算子挑战赛年度冠军赛【挑战性能命题】赛题_01.xlsx","Specification","artifact-tool workbook inspection","Archived","200","S007.html","NotApplicable","","","PageArchived",""
"https://docs.pytorch.org/docs/2.1/generated/torch.lcm.html#torch.lcm","S5挑战性能赛题_01.xlsx","Specification","artifact-tool workbook inspection","Archived","200","S008.html","NotApplicable","","","PageArchived",""
"https://docs.pytorch.org/docs/2.1/generated/torch.linspace.html#torch-linspace","算子挑战赛年度冠军赛【基础性能命题】赛题_01.xlsx","Specification","artifact-tool workbook inspection","Archived","200","S009.html","NotApplicable","","","PageArchived",""
"https://docs.pytorch.org/docs/2.1/generated/torch.logsumexp.html#torch-logsumexp","S5基础性能赛题_01.xlsx","Specification","artifact-tool workbook inspection","Archived","200","S010.html","NotApplicable","","","PageArchived",""
"https://docs.pytorch.org/docs/2.1/generated/torch.nn.functional.glu.html#torch.nn.functional.glu","S5挑战性能赛题_01.xlsx","Specification","artifact-tool workbook inspection","Archived","200","S011.html","NotApplicable","","","PageArchived",""
"https://docs.pytorch.org/docs/2.1/generated/torch.nonzero.html#torch-nonzero","算子挑战赛年度冠军赛【基础性能命题】赛题_01.xlsx","Specification","artifact-tool workbook inspection","Archived","200","S012.html","NotApplicable","","","PageArchived",""
"https://docs.pytorch.org/docs/2.1/generated/torch.sort.html#torch.sort","S5基础性能赛题_01.xlsx","Specification","artifact-tool workbook inspection","Archived","200","S013.html","NotApplicable","","","PageArchived",""
"https://docs.pytorch.org/docs/2.1/generated/torch.trunc.html","算子挑战赛年度冠军赛【基础性能命题】赛题_01.xlsx","Specification","artifact-tool workbook inspection","Archived","200","S014.html","NotApplicable","","","PageArchived",""
"https://docs.pytorch.org/docs/2.5/generated/torch.argmin.html#torch-argmin","S6基础性能赛题_01.xlsx","Specification","artifact-tool workbook inspection","Archived","200","S015.html","NotApplicable","","","PageArchived",""
"https://docs.pytorch.org/docs/2.5/generated/torch.argsort.html#torch-argsort","S6基础性能赛题_01.xlsx","Specification","artifact-tool workbook inspection","Archived","200","S016.html","NotApplicable","","","PageArchived",""
"https://docs.pytorch.org/docs/2.5/generated/torch.cat.html#torch.cat","算子挑战赛S9赛题_01.xlsx；S9挑战性能赛题说明.xlsx","Specification","artifact-tool workbook inspection；Visible text / S9 workbook","Archived","200","W116.html","NotApplicable","","","PageArchived",""
"https://docs.pytorch.org/docs/2.5/generated/torch.fmin.html#torch.fmin","S6挑战性能赛题_01.xlsx","Specification","artifact-tool workbook inspection","Archived","200","S017.html","NotApplicable","","","PageArchived",""
"https://docs.pytorch.org/docs/2.5/generated/torch.gt.html#torch.gt","算子挑战赛S9赛题_01.xlsx；S9挑战性能赛题说明.xlsx","Specification","artifact-tool workbook inspection；Visible text / S9 workbook","Archived","200","W117.html","NotApplicable","","","PageArchived",""
"https://docs.pytorch.org/docs/2.5/generated/torch.hypot.html#torch.hypot","S6挑战性能赛题_01.xlsx","Specification","artifact-tool workbook inspection","Archived","200","S018.html","NotApplicable","","","PageArchived",""
"https://docs.pytorch.org/docs/2.5/generated/torch.index_add.html#torch-index-add","算子挑战赛S9赛题_01.xlsx；S9挑战性能赛题说明.xlsx","Specification","artifact-tool workbook inspection；Visible text / S9 workbook","Archived","200","W118.html","NotApplicable","","","PageArchived",""
"https://docs.pytorch.org/docs/2.5/generated/torch.logcumsumexp.html#torch-logcumsumexp","S6挑战性能赛题_01.xlsx","Specification","artifact-tool workbook inspection","Archived","200","S019.html","NotApplicable","","","PageArchived",""
"https://docs.pytorch.org/docs/2.5/generated/torch.nn.FractionalMaxPool3d.html#fractionalmaxpool3d","S6挑战性能赛题_01.xlsx","Specification","artifact-tool workbook inspection","Archived","200","S020.html","NotApplicable","","","PageArchived",""
"https://docs.pytorch.org/docs/2.5/generated/torch.nn.GroupNorm.html#torch.nn.GroupNorm","S6基础性能赛题_01.xlsx","Specification","artifact-tool workbook inspection","Archived","200","S021.html","NotApplicable","","","PageArchived",""
"https://docs.pytorch.org/docs/2.5/generated/torch.permute.html#torch-permute","算子挑战赛S9赛题_01.xlsx；S9挑战性能赛题说明.xlsx","Specification","artifact-tool workbook inspection；Visible text / S9 workbook","Archived","200","W119.html","NotApplicable","","","PageArchived",""
"https://docs.pytorch.org/docs/2.5/generated/torch.square.html#torch-square","算子挑战赛S9赛题_01.xlsx；S9挑战性能赛题说明.xlsx","Specification","artifact-tool workbook inspection；Visible text / S9 workbook","Archived","200","W120.html","NotApplicable","","","PageArchived",""
"https://docs.pytorch.org/docs/2.5/generated/torch.sum.html#torch.sum","算子挑战赛S9赛题_01.xlsx；S9挑战性能赛题说明.xlsx","Specification","artifact-tool workbook inspection；Visible text / S9 workbook","Archived","200","W121.html","NotApplicable","","","PageArchived",""
"https://docs.pytorch.org/docs/2.5/generated/torch.Tensor.expand.html","S6基础性能赛题_01.xlsx","Specification","artifact-tool workbook inspection","Archived","200","S022.html","NotApplicable","","","PageArchived",""
"https://docs.pytorch.org/docs/2.5/generated/torch.Tensor.index_add_.html#torch.Tensor.index_add_","torch.index_add 2.5 页面正文的必要跟进链接","SpecificationFollowUp","Referenced by official torch.index_add page","Archived","200","S046_torch.Tensor.index_add_.html","NotApplicable","","","PageArchived",""
"https://docs.pytorch.org/docs/stable/generated/torch.nn.LSTM.html#torch.nn.LSTM","S6基础性能赛题_01.xlsx","Specification","artifact-tool workbook inspection","Archived","200","S023.html","NotApplicable","","","PageArchived",""
"https://docs.scipy.org/doc/scipy/reference/generated/scipy.special.fresnel.html#scipy.special.fresnel","S5基础性能赛题_01.xlsx","Specification","artifact-tool workbook inspection","Archived","200","S024.html","NotApplicable","","","PageArchived",""
"https://edu.hicomputing.huawei.com/","算子挑战赛（S9赛季）云资源代金券申请指南.pdf","VoucherPage","PDF text/annotation","Archived","200","S025.html","NotApplicable","","","PageArchived",""
"https://edu.hicomputing.huawei.com/teaching/voucher-details/invite/202603273nttxWIz","算子挑战赛（S9赛季）云资源代金券申请指南.pdf","VoucherPage","PDF annotation","Archived","200","S026.html","NotApplicable","","","PageArchived",""
"https://gitcode.com/LiJianhao2/AscendS6","往届冠军开源项目.docx","Repository","Visible text / S9 workbook","Failed","403","W001.html","Failed","R001_gitcode_LiJianhao2_AscendS6","","Failed","Response status code does not indicate success: 403 (Upstream 403). | warning: auto-detection of host provider took too long (>2000ms)
warning: see https://aka.ms/gcm/autodetect for more information.
fatal: Cannot prompt because user interactivity has been disabled.
fatal: could not read Username for 'https://gitcode.com': terminal prompts disabled"
"https://gitcode.com/szdaniel/S6T","往届冠军开源项目.docx","Repository","Visible text / S9 workbook","Archived","200","W002.html","Cloned","R002_gitcode_szdaniel_S6T","f99dcaf295ace3d29875eaba6f69b1a333b92620","RepositoryCloned",""
"https://gitee.com/a1535135509/S4_-Gather/tree/master","往届冠军开源项目.docx","Repository","Visible text / S9 workbook","Failed","405","W003.html","Failed","R003_gitee_a1535135509_S4_-Gather","","Failed","Response status code does not indicate success: 405 (Not Allowed). | remote: [session-7c458181] reject by [gitee]
fatal: unable to access 'https://gitee.com/a1535135509/S4_-Gather.git/': The requested URL returned error: 400"
"https://gitee.com/a1535135509/titr_-js","往届冠军开源项目.docx","Repository","Visible text / S9 workbook","Failed","405","W004.html","Failed","R004_gitee_a1535135509_titr_-js","","Failed","Response status code does not indicate success: 405 (Not Allowed). | remote: [session-2844569c] reject by [gitee]
fatal: unable to access 'https://gitee.com/a1535135509/titr_-js.git/': The requested URL returned error: 400"
"https://gitee.com/a3276132451/ascend-c-champion-nobi","往届冠军开源项目.docx","Repository","Visible text / S9 workbook","Failed","405","W005.html","Failed","R005_gitee_a3276132451_ascend-c-champion-nobi","","Failed","Response status code does not indicate success: 405 (Not Allowed). | remote: [session-e449c8a4] reject by [gitee]
fatal: unable to access 'https://gitee.com/a3276132451/ascend-c-champion-nobi.git/': The requested URL returned error: 400"
"https://gitee.com/aallyy/s4-competition-open-source","往届冠军开源项目.docx","Repository","Visible text / S9 workbook","Failed","405","W006.html","Failed","R006_gitee_aallyy_s4-competition-open-source","","Failed","Response status code does not indicate success: 405 (Not Allowed). | remote: [session-0942fb95] reject by [gitee]
fatal: unable to access 'https://gitee.com/aallyy/s4-competition-open-source.git/': The requested URL returned error: 400"
"https://gitee.com/aallyy/s5-competition-open-source","往届冠军开源项目.docx","Repository","Visible text / S9 workbook","Failed","405","W007.html","Failed","R007_gitee_aallyy_s5-competition-open-source","","Failed","Response status code does not indicate success: 405 (Not Allowed). | remote: [session-324ffaae] reject by [gitee]
fatal: unable to access 'https://gitee.com/aallyy/s5-competition-open-source.git/': The requested URL returned error: 400"
"https://gitee.com/alizen/ascend-s3_base","往届冠军开源项目.docx","Repository","Visible text / S9 workbook","Failed","405","W008.html","Failed","R008_gitee_alizen_ascend-s3_base","","Failed","Response status code does not indicate success: 405 (Not Allowed). | remote: [session-964baa92] reject by [gitee]
fatal: unable to access 'https://gitee.com/alizen/ascend-s3_base.git/': The requested URL returned error: 400"
"https://gitee.com/aoitok/ascendc_s4","往届冠军开源项目.docx","Repository","Visible text / S9 workbook","Failed","405","W009.html","Failed","R009_gitee_aoitok_ascendc_s4","","Failed","Response status code does not indicate success: 405 (Not Allowed). | remote: [session-cb4b2693] reject by [gitee]
fatal: unable to access 'https://gitee.com/aoitok/ascendc_s4.git/': The requested URL returned error: 400"
"https://gitee.com/ascend-operator/s4","往届冠军开源项目.docx","Repository","Visible text / S9 workbook","Failed","405","W010.html","Failed","R010_gitee_ascend-operator_s4","","Failed","Response status code does not indicate success: 405 (Not Allowed). | remote: [session-c14409a9] reject by [gitee]
fatal: unable to access 'https://gitee.com/ascend-operator/s4.git/': The requested URL returned error: 400"
"https://gitee.com/ascend-operator/s6","往届冠军开源项目.docx","Repository","Visible text / S9 workbook","Failed","405","W011.html","Failed","R011_gitee_ascend-operator_s6","","Failed","Response status code does not indicate success: 405 (Not Allowed). | remote: [session-7949cb9d] reject by [gitee]
fatal: unable to access 'https://gitee.com/ascend-operator/s6.git/': The requested URL returned error: 400"
"https://gitee.com/atom0123/reduce-log-sum-exp","往届冠军开源项目.docx","Repository","Visible text / S9 workbook","Failed","405","W012.html","Failed","R012_gitee_atom0123_reduce-log-sum-exp","","Failed","Response status code does not indicate success: 405 (Not Allowed). | remote: [session-c546e8b2] reject by [gitee]
fatal: unable to access 'https://gitee.com/atom0123/reduce-log-sum-exp.git/': The requested URL returned error: 400"
"https://gitee.com/bingfeng777/ascend-operator-challenge-2024championships-challenge","往届冠军开源项目.docx","Repository","Visible text / S9 workbook","Failed","","W013.html","Failed","R013_gitee_bingfeng777_ascend-operator-challenge-2024championships-challenge","","Failed","The SSL connection could not be established, see inner exception. | remote: [session-204dd2a0] reject by [gitee]
fatal: unable to access 'https://gitee.com/bingfeng777/ascend-operator-challenge-2024championships-challenge.git/': The requested URL returned error: 400"
"https://gitee.com/bingfeng777/ascend-operator-challenge-s4-challenge","往届冠军开源项目.docx","Repository","Visible text / S9 workbook","Failed","405","W014.html","Failed","R014_gitee_bingfeng777_ascend-operator-challenge-s4-challenge","","Failed","Response status code does not indicate success: 405 (Not Allowed). | remote: [session-d347b6a4] reject by [gitee]
fatal: unable to access 'https://gitee.com/bingfeng777/ascend-operator-challenge-s4-challenge.git/': The requested URL returned error: 400"
"https://gitee.com/bingfeng777/ascend-operator-challenge-s5-challenge-ikuyo","往届冠军开源项目.docx","Repository","Visible text / S9 workbook","Failed","405","W015.html","Failed","R015_gitee_bingfeng777_ascend-operator-challenge-s5-challenge-ikuyo","","Failed","Response status code does not indicate success: 405 (Not Allowed). | remote: [session-ac40d486] reject by [gitee]
fatal: unable to access 'https://gitee.com/bingfeng777/ascend-operator-challenge-s5-challenge-ikuyo.git/': The requested URL returned error: 400"
"https://gitee.com/bingfeng777/ascend-operator-challenge-s6-challenge-ikuyo","往届冠军开源项目.docx","Repository","Visible text / S9 workbook","Failed","405","W016.html","Failed","R016_gitee_bingfeng777_ascend-operator-challenge-s6-challenge-ikuyo","","Failed","Response status code does not indicate success: 405 (Not Allowed). | remote: [session-4645feba] reject by [gitee]
fatal: unable to access 'https://gitee.com/bingfeng777/ascend-operator-challenge-s6-challenge-ikuyo.git/': The requested URL returned error: 400"
"https://gitee.com/chengjiajun2023/s4","往届冠军开源项目.docx","Repository","Visible text / S9 workbook","Failed","405","W017.html","Failed","R017_gitee_chengjiajun2023_s4","","Failed","Response status code does not indicate success: 405 (Not Allowed). | fatal: unable to access 'https://gitee.com/chengjiajun2023/s4.git/': schannel: failed to receive handshake, SSL/TLS connection failed"
"https://gitee.com/darkduckforyou/ascend-s4","往届冠军开源项目.docx","Repository","Visible text / S9 workbook","Failed","405","W018.html","Failed","R018_gitee_darkduckforyou_ascend-s4","","Failed","Response status code does not indicate success: 405 (Not Allowed). | remote: [session-794165b1] reject by [gitee]
fatal: unable to access 'https://gitee.com/darkduckforyou/ascend-s4.git/': The requested URL returned error: 400"
"https://gitee.com/Doubleen233/ascend-c-s5-base","往届冠军开源项目.docx","Repository","Visible text / S9 workbook","Failed","405","W019.html","Failed","R019_gitee_Doubleen233_ascend-c-s5-base","","Failed","Response status code does not indicate success: 405 (Not Allowed). | remote: [session-6f468092] reject by [gitee]
fatal: unable to access 'https://gitee.com/Doubleen233/ascend-c-s5-base.git/': The requested URL returned error: 400"
"https://gitee.com/Doubleen233/ascend-c-s6-base","往届冠军开源项目.docx","Repository","Visible text / S9 workbook","Failed","405","W020.html","Failed","R020_gitee_Doubleen233_ascend-c-s6-base","","Failed","Response status code does not indicate success: 405 (Not Allowed). | remote: [session-ba46079c] reject by [gitee]
fatal: unable to access 'https://gitee.com/Doubleen233/ascend-c-s6-base.git/': The requested URL returned error: 400"
"https://gitee.com/DreamOfAnts/td-worker-s2","往届冠军开源项目.docx","Repository","Visible text / S9 workbook","Failed","405","W021.html","Failed","R021_gitee_DreamOfAnts_td-worker-s2","","Failed","Response status code does not indicate success: 405 (Not Allowed). | remote: [session-5c4fc6b4] reject by [gitee]
fatal: unable to access 'https://gitee.com/DreamOfAnts/td-worker-s2.git/': The requested URL returned error: 400"
"https://gitee.com/fine116/kun-jin-cuo-hot-pot---s4","往届冠军开源项目.docx","Repository","Visible text / S9 workbook","Failed","405","W022.html","Failed","R022_gitee_fine116_kun-jin-cuo-hot-pot---s4","","Failed","Response status code does not indicate success: 405 (Not Allowed). | remote: [session-a640318d] reject by [gitee]
fatal: unable to access 'https://gitee.com/fine116/kun-jin-cuo-hot-pot---s4.git/': The requested URL returned error: 400"
"https://gitee.com/gao-fuchang/GatherV3","往届冠军开源项目.docx","Repository","Visible text / S9 workbook","Failed","405","W023.html","Failed","R023_gitee_gao-fuchang_GatherV3","","Failed","Response status code does not indicate success: 405 (Not Allowed). | remote: [session-0f4bbba7] reject by [gitee]
fatal: unable to access 'https://gitee.com/gao-fuchang/GatherV3.git/': The requested URL returned error: 400"
"https://gitee.com/gao-fuchang/s6-groupnorm","往届冠军开源项目.docx","Repository","Visible text / S9 workbook","Failed","405","W024.html","Failed","R024_gitee_gao-fuchang_s6-groupnorm","","Failed","Response status code does not indicate success: 405 (Not Allowed). | remote: [session-e8416cb5] reject by [gitee]
fatal: unable to access 'https://gitee.com/gao-fuchang/s6-groupnorm.git/': The requested URL returned error: 400"
"https://gitee.com/guo-guotong/ascend-developer-competition/tree/master/","往届冠军开源项目.docx","Repository","Visible text / S9 workbook","Failed","405","W025.html","Failed","R025_gitee_guo-guotong_ascend-developer-competition","","Failed","Response status code does not indicate success: 405 (Not Allowed). | remote: [session-85428aa6] reject by [gitee]
fatal: unable to access 'https://gitee.com/guo-guotong/ascend-developer-competition.git/': The requested URL returned error: 400"
"https://gitee.com/h_y_bb/s5-ascend/tree/master/GatherV3","往届冠军开源项目.docx","Repository","Visible text / S9 workbook","Failed","405","W026.html","Failed","R026_gitee_h_y_bb_s5-ascend","","Failed","Response status code does not indicate success: 405 (Not Allowed). | remote: [session-014a4d8e] reject by [gitee]
fatal: unable to access 'https://gitee.com/h_y_bb/s5-ascend.git/': The requested URL returned error: 400"
"https://gitee.com/ieu-space/fractional-max-pool3-dgrad","往届冠军开源项目.docx","Repository","Visible text / S9 workbook","Failed","405","W027.html","Failed","R027_gitee_ieu-space_fractional-max-pool3-dgrad","","Failed","Response status code does not indicate success: 405 (Not Allowed). | remote: [session-964a259a] reject by [gitee]
fatal: unable to access 'https://gitee.com/ieu-space/fractional-max-pool3-dgrad.git/': The requested URL returned error: 400"
"https://gitee.com/jinjinshuhua/competition-archive","往届冠军开源项目.docx","Repository","Visible text / S9 workbook","Failed","405","W028.html","Failed","R028_gitee_jinjinshuhua_competition-archive","","Failed","Response status code does not indicate success: 405 (Not Allowed). | remote: [session-c346d6b1] reject by [gitee]
fatal: unable to access 'https://gitee.com/jinjinshuhua/competition-archive.git/': The requested URL returned error: 400"
"https://gitee.com/justmemb/s5","往届冠军开源项目.docx","Repository","Visible text / S9 workbook","Failed","405","W029.html","Failed","R029_gitee_justmemb_s5","","Failed","Response status code does not indicate success: 405 (Not Allowed). | remote: [session-fb49f5be] reject by [gitee]
fatal: unable to access 'https://gitee.com/justmemb/s5.git/': The requested URL returned error: 400"
"https://gitee.com/kinnnnnnn/gcd_out","往届冠军开源项目.docx","Repository","Visible text / S9 workbook","Failed","405","W030.html","Failed","R030_gitee_kinnnnnnn_gcd_out","","Failed","Response status code does not indicate success: 405 (Not Allowed). | remote: [session-2e4a25a5] reject by [gitee]
fatal: unable to access 'https://gitee.com/kinnnnnnn/gcd_out.git/': The requested URL returned error: 400"
"https://gitee.com/lijie1001/glu-jvp","往届冠军开源项目.docx","Repository","Visible text / S9 workbook","Failed","405","W031.html","Failed","R031_gitee_lijie1001_glu-jvp","","Failed","Response status code does not indicate success: 405 (Not Allowed). | remote: [session-444c4fbd] reject by [gitee]
fatal: unable to access 'https://gitee.com/lijie1001/glu-jvp.git/': The requested URL returned error: 400"
"https://gitee.com/miracleqiji/Ascend_C_2024","往届冠军开源项目.docx","Repository","Visible text / S9 workbook","Failed","405","W032.html","Failed","R032_gitee_miracleqiji_Ascend_C_2024","","Failed","Response status code does not indicate success: 405 (Not Allowed). | remote: [session-384177ac] reject by [gitee]
fatal: unable to access 'https://gitee.com/miracleqiji/Ascend_C_2024.git/': The requested URL returned error: 400"
"https://gitee.com/miracleqiji/Ascend_C_S4","往届冠军开源项目.docx","Repository","Visible text / S9 workbook","Failed","405","W033.html","Failed","R033_gitee_miracleqiji_Ascend_C_S4","","Failed","Response status code does not indicate success: 405 (Not Allowed). | remote: [session-4e42559a] reject by [gitee]
fatal: unable to access 'https://gitee.com/miracleqiji/Ascend_C_S4.git/': The requested URL returned error: 400"
"https://gitee.com/miracleqiji/Ascend_C_S5","往届冠军开源项目.docx","Repository","Visible text / S9 workbook","Failed","405","W034.html","Failed","R034_gitee_miracleqiji_Ascend_C_S5","","Failed","Response status code does not indicate success: 405 (Not Allowed). | remote: [session-3f41a8b0] reject by [gitee]
fatal: unable to access 'https://gitee.com/miracleqiji/Ascend_C_S5.git/': The requested URL returned error: 400"
"https://gitee.com/miracleqiji/Ascend_C_S6/tree/master/","往届冠军开源项目.docx","Repository","Visible text / S9 workbook","Failed","405","W035.html","Failed","R035_gitee_miracleqiji_Ascend_C_S6","","Failed","Response status code does not indicate success: 405 (Not Allowed). | remote: [session-3e449b8e] reject by [gitee]
fatal: unable to access 'https://gitee.com/miracleqiji/Ascend_C_S6.git/': The requested URL returned error: 400"
"https://gitee.com/Nicet/no-one-ascend-coperator-s4","往届冠军开源项目.docx","Repository","Visible text / S9 workbook","Failed","405","W036.html","Failed","R036_gitee_Nicet_no-one-ascend-coperator-s4","","Failed","Response status code does not indicate success: 405 (Not Allowed). | remote: [session-614330b7] reject by [gitee]
fatal: unable to access 'https://gitee.com/Nicet/no-one-ascend-coperator-s4.git/': The requested URL returned error: 400"
"https://gitee.com/Nicet/npu-iil-stars-final","往届冠军开源项目.docx","Repository","Visible text / S9 workbook","Failed","405","W037.html","Failed","R037_gitee_Nicet_npu-iil-stars-final","","Failed","Response status code does not indicate success: 405 (Not Allowed). | remote: [session-e24d1d90] reject by [gitee]
fatal: unable to access 'https://gitee.com/Nicet/npu-iil-stars-final.git/': The requested URL returned error: 400"
"https://gitee.com/Nicet/s5-code","往届冠军开源项目.docx","Repository","Visible text / S9 workbook","Failed","405","W038.html","Failed","R038_gitee_Nicet_s5-code","","Failed","Response status code does not indicate success: 405 (Not Allowed). | remote: [session-cb4f6d88] reject by [gitee]
fatal: unable to access 'https://gitee.com/Nicet/s5-code.git/': The requested URL returned error: 400"
"https://gitee.com/Nicet/s6-code","往届冠军开源项目.docx","Repository","Visible text / S9 workbook","Failed","405","W039.html","Failed","R039_gitee_Nicet_s6-code","","Failed","Response status code does not indicate success: 405 (Not Allowed). | remote: [session-f249d296] reject by [gitee]
fatal: unable to access 'https://gitee.com/Nicet/s6-code.git/': The requested URL returned error: 400"
"https://gitee.com/noninfinity/ascend-c-s4-performance.git","往届冠军开源项目.docx","Repository","Visible text / S9 workbook","Failed","405","W040.html","Failed","R040_gitee_noninfinity_ascend-c-s4-performance","","Failed","Response status code does not indicate success: 405 (Not Allowed). | remote: [session-464677b3] reject by [gitee]
fatal: unable to access 'https://gitee.com/noninfinity/ascend-c-s4-performance.git/': The requested URL returned error: 400"
"https://gitee.com/noninfinity/s6","往届冠军开源项目.docx","Repository","Visible text / S9 workbook","Failed","405","W041.html","Failed","R041_gitee_noninfinity_s6","","Failed","Response status code does not indicate success: 405 (Not Allowed). | remote: [session-0440ffaf] reject by [gitee]
fatal: unable to access 'https://gitee.com/noninfinity/s6.git/': The requested URL returned error: 400"
"https://gitee.com/nxd3/Ascend-AI-Operator-Challenge-S4-Challenge-Code","往届冠军开源项目.docx","Repository","Visible text / S9 workbook","Failed","405","W042.html","Failed","R042_gitee_nxd3_Ascend-AI-Operator-Challenge-S4-Challenge-Code","","Failed","Response status code does not indicate success: 405 (Not Allowed). | remote: [session-7148d48d] reject by [gitee]
fatal: unable to access 'https://gitee.com/nxd3/Ascend-AI-Operator-Challenge-S4-Challenge-Code.git/': The requested URL returned error: 400"
"https://gitee.com/rezxc/ascend-c_-s6","往届冠军开源项目.docx","Repository","Visible text / S9 workbook","Failed","405","W043.html","Failed","R043_gitee_rezxc_ascend-c_-s6","","Failed","Response status code does not indicate success: 405 (Not Allowed). | remote: [session-1d44e180] reject by [gitee]
fatal: unable to access 'https://gitee.com/rezxc/ascend-c_-s6.git/': The requested URL returned error: 400"
"https://gitee.com/sun_jie001/champion","往届冠军开源项目.docx","Repository","Visible text / S9 workbook","Failed","405","W044.html","Failed","R044_gitee_sun_jie001_champion","","Failed","Response status code does not indicate success: 405 (Not Allowed). | remote: [session-b14d1fb1] reject by [gitee]
fatal: unable to access 'https://gitee.com/sun_jie001/champion.git/': The requested URL returned error: 400"
"https://gitee.com/sun_jie001/s4","往届冠军开源项目.docx","Repository","Visible text / S9 workbook","Failed","","W045.html","Failed","R045_gitee_sun_jie001_s4","","Failed","The SSL connection could not be established, see inner exception. | remote: [session-274d21af] reject by [gitee]
fatal: unable to access 'https://gitee.com/sun_jie001/s4.git/': The requested URL returned error: 400"
"https://gitee.com/syn006/s4/tree/master/s5","往届冠军开源项目.docx","Repository","Visible text / S9 workbook","Failed","405","W046.html","Failed","R046_gitee_syn006_s4","","Failed","Response status code does not indicate success: 405 (Not Allowed). | remote: [session-7e49b988] reject by [gitee]
fatal: unable to access 'https://gitee.com/syn006/s4.git/': The requested URL returned error: 400"
"https://gitee.com/timmy2015/2024-Annual-Championship-Finals-Ascend-C","往届冠军开源项目.docx","Repository","Visible text / S9 workbook","Failed","405","W047.html","Failed","R047_gitee_timmy2015_2024-Annual-Championship-Finals-Ascend-C","","Failed","Response status code does not indicate success: 405 (Not Allowed). | remote: [session-2540dd96] reject by [gitee]
fatal: unable to access 'https://gitee.com/timmy2015/2024-Annual-Championship-Finals-Ascend-C.git/': The requested URL returned error: 400"
"https://gitee.com/timmy2015/s6-ascend-c","往届冠军开源项目.docx","Repository","Visible text / S9 workbook","Failed","405","W048.html","Failed","R048_gitee_timmy2015_s6-ascend-c","","Failed","Response status code does not indicate success: 405 (Not Allowed). | remote: [session-0742cf8b] reject by [gitee]
fatal: unable to access 'https://gitee.com/timmy2015/s6-ascend-c.git/': The requested URL returned error: 400"
"https://gitee.com/vexlife/ascendc_s4","往届冠军开源项目.docx","Repository","Visible text / S9 workbook","Failed","405","W049.html","Failed","R049_gitee_vexlife_ascendc_s4","","Failed","Response status code does not indicate success: 405 (Not Allowed). | remote: [session-994ef2bf] reject by [gitee]
fatal: unable to access 'https://gitee.com/vexlife/ascendc_s4.git/': The requested URL returned error: 400"
"https://gitee.com/wang-shuai2395/us5/tree/master","往届冠军开源项目.docx","Repository","Visible text / S9 workbook","Failed","405","W050.html","Failed","R050_gitee_wang-shuai2395_us5","","Failed","Response status code does not indicate success: 405 (Not Allowed). | remote: [session-944ed88b] reject by [gitee]
fatal: unable to access 'https://gitee.com/wang-shuai2395/us5.git/': The requested URL returned error: 400"
"https://gitee.com/wang-shuai2395/us6","往届冠军开源项目.docx","Repository","Visible text / S9 workbook","Failed","","W051.html","Failed","R051_gitee_wang-shuai2395_us6","","Failed","The SSL connection could not be established, see inner exception. | remote: [session-834ce287] reject by [gitee]
fatal: unable to access 'https://gitee.com/wang-shuai2395/us6.git/': The requested URL returned error: 400"
"https://gitee.com/wenyidylan/ascend-c_ops_-s6","往届冠军开源项目.docx","Repository","Visible text / S9 workbook","Failed","405","W052.html","Failed","R052_gitee_wenyidylan_ascend-c_ops_-s6","","Failed","Response status code does not indicate success: 405 (Not Allowed). | remote: [session-274f05ac] reject by [gitee]
fatal: unable to access 'https://gitee.com/wenyidylan/ascend-c_ops_-s6.git/': The requested URL returned error: 400"
"https://gitee.com/wenyidylan/AscendC-2024final","往届冠军开源项目.docx","Repository","Visible text / S9 workbook","Failed","405","W053.html","Failed","R053_gitee_wenyidylan_AscendC-2024final","","Failed","Response status code does not indicate success: 405 (Not Allowed). | remote: [session-6f4006a6] reject by [gitee]
fatal: unable to access 'https://gitee.com/wenyidylan/AscendC-2024final.git/': The requested URL returned error: 400"
"https://gitee.com/wenyidylan/AscendC-S4","往届冠军开源项目.docx","Repository","Visible text / S9 workbook","Failed","405","W054.html","Failed","R054_gitee_wenyidylan_AscendC-S4","","Failed","Response status code does not indicate success: 405 (Not Allowed). | remote: [session-c344d3b0] reject by [gitee]
fatal: unable to access 'https://gitee.com/wenyidylan/AscendC-S4.git/': The requested URL returned error: 400"
"https://gitee.com/xiao-xunpeng/cann-ops-s6-challenge","往届冠军开源项目.docx","Repository","Visible text / S9 workbook","Failed","405","W055.html","Failed","R055_gitee_xiao-xunpeng_cann-ops-s6-challenge","","Failed","Response status code does not indicate success: 405 (Not Allowed). | remote: [session-2c4989b4] reject by [gitee]
fatal: unable to access 'https://gitee.com/xiao-xunpeng/cann-ops-s6-challenge.git/': The requested URL returned error: 400"
"https://gitee.com/xiao-xunpeng/s6-basic-operator","往届冠军开源项目.docx","Repository","Visible text / S9 workbook","Failed","405","W056.html","Failed","R056_gitee_xiao-xunpeng_s6-basic-operator","","Failed","Response status code does not indicate success: 405 (Not Allowed). | remote: [session-594e74b5] reject by [gitee]
fatal: unable to access 'https://gitee.com/xiao-xunpeng/s6-basic-operator.git/': The requested URL returned error: 400"
"https://gitee.com/xiao-xunpeng/s6-challenge-operator","往届冠军开源项目.docx","Repository","Visible text / S9 workbook","Failed","405","W057.html","Failed","R057_gitee_xiao-xunpeng_s6-challenge-operator","","Failed","Response status code does not indicate success: 405 (Not Allowed). | remote: [session-724347af] reject by [gitee]
fatal: unable to access 'https://gitee.com/xiao-xunpeng/s6-challenge-operator.git/': The requested URL returned error: 400"
"https://gitee.com/xingke2021/Operator-S5-Base/","往届冠军开源项目.docx","Repository","Visible text / S9 workbook","Archived","200","W058.html","Failed","R058_gitee_xingke2021_Operator-S5-Base","","PageArchived_CloneFailed","remote: [session-e44dc1bd] reject by [gitee]
fatal: unable to access 'https://gitee.com/xingke2021/Operator-S5-Base.git/': The requested URL returned error: 400"
"https://gitee.com/xingke2021/Operator-S6-Base/","往届冠军开源项目.docx","Repository","Visible text / S9 workbook","Archived","200","W059.html","Failed","R059_gitee_xingke2021_Operator-S6-Base","","PageArchived_CloneFailed","remote: [session-a64520aa] reject by [gitee]
fatal: unable to access 'https://gitee.com/xingke2021/Operator-S6-Base.git/': The requested URL returned error: 400"
"https://gitee.com/y-py014/AscendC-2024Final","往届冠军开源项目.docx","Repository","Visible text / S9 workbook","Failed","405","W060.html","Failed","R060_gitee_y-py014_AscendC-2024Final","","Failed","Response status code does not indicate success: 405 (Not Allowed). | fatal: Cannot prompt because user interactivity has been disabled.
fatal: could not read Username for 'https://gitee.com': terminal prompts disabled"
"https://gitee.com/y-py014/AscendC-S4","往届冠军开源项目.docx","Repository","Visible text / S9 workbook","Failed","405","W061.html","Failed","R061_gitee_y-py014_AscendC-S4","","Failed","Response status code does not indicate success: 405 (Not Allowed). | remote: [session-474c07be] reject by [gitee]
fatal: unable to access 'https://gitee.com/y-py014/AscendC-S4.git/': The requested URL returned error: 400"
"https://gitee.com/y-py014/AscendC-S5/","往届冠军开源项目.docx","Repository","Visible text / S9 workbook","Archived","200","W062.html","Failed","R062_gitee_y-py014_AscendC-S5","","PageArchived_CloneFailed","remote: [session-fa434682] reject by [gitee]
fatal: unable to access 'https://gitee.com/y-py014/AscendC-S5.git/': The requested URL returned error: 400"
"https://gitee.com/yellow-fitness/arg-min","往届冠军开源项目.docx","Repository","Visible text / S9 workbook","Failed","405","W063.html","Failed","R063_gitee_yellow-fitness_arg-min","","Failed","Response status code does not indicate success: 405 (Not Allowed). | remote: [session-c547d299] reject by [gitee]
fatal: unable to access 'https://gitee.com/yellow-fitness/arg-min.git/': The requested URL returned error: 400"
"https://gitee.com/yellow-fitness/log-sum-exponent-reduction","往届冠军开源项目.docx","Repository","Visible text / S9 workbook","Failed","405","W064.html","Failed","R064_gitee_yellow-fitness_log-sum-exponent-reduction","","Failed","Response status code does not indicate success: 405 (Not Allowed). | remote: [session-484fb39c] reject by [gitee]
fatal: unable to access 'https://gitee.com/yellow-fitness/log-sum-exponent-reduction.git/': The requested URL returned error: 400"
"https://gitee.com/yolo_mic/ascend-cs6","往届冠军开源项目.docx","Repository","Visible text / S9 workbook","Failed","405","W065.html","Failed","R065_gitee_yolo_mic_ascend-cs6","","Failed","Response status code does not indicate success: 405 (Not Allowed). | remote: [session-754d3494] reject by [gitee]
fatal: unable to access 'https://gitee.com/yolo_mic/ascend-cs6.git/': The requested URL returned error: 400"
"https://gitee.com/znynn/2024-championship-tournament/tree/master/","往届冠军开源项目.docx","Repository","Visible text / S9 workbook","Failed","405","W066.html","Failed","R066_gitee_znynn_2024-championship-tournament","","Failed","Response status code does not indicate success: 405 (Not Allowed). | remote: [session-b540e4b7] reject by [gitee]
fatal: unable to access 'https://gitee.com/znynn/2024-championship-tournament.git/': The requested URL returned error: 400"
"https://gitee.com/znynn/gdufs-s4-basic-performance-operators","往届冠军开源项目.docx","Repository","Visible text / S9 workbook","Failed","405","W067.html","Failed","R067_gitee_znynn_gdufs-s4-basic-performance-operators","","Failed","Response status code does not indicate success: 405 (Not Allowed). | remote: [session-9844bb9d] reject by [gitee]
fatal: unable to access 'https://gitee.com/znynn/gdufs-s4-basic-performance-operators.git/': The requested URL returned error: 400"
"https://gitee.com/znynn/s5basicoperator/tree/master/FresnelCosGoldenSample/_zip","往届冠军开源项目.docx","Repository","Visible text / S9 workbook","Failed","405","W068.html","Failed","R068_gitee_znynn_s5basicoperator","","Failed","Response status code does not indicate success: 405 (Not Allowed). | remote: [session-354f138d] reject by [gitee]
fatal: unable to access 'https://gitee.com/znynn/s5basicoperator.git/': The requested URL returned error: 400"
"https://gitee.com/znynn/s6basicopeator/tree/master/GroupNorm","往届冠军开源项目.docx","Repository","Visible text / S9 workbook","Failed","405","W069.html","Failed","R069_gitee_znynn_s6basicopeator","","Failed","Response status code does not indicate success: 405 (Not Allowed). | remote: [session-7745f9b8] reject by [gitee]
fatal: unable to access 'https://gitee.com/znynn/s6basicopeator.git/': The requested URL returned error: 400"
"https://gitee.com/zzh-stable/ascend-s4","往届冠军开源项目.docx","Repository","Visible text / S9 workbook","Failed","405","W070.html","Failed","R070_gitee_zzh-stable_ascend-s4","","Failed","Response status code does not indicate success: 405 (Not Allowed). | remote: [session-b04061aa] reject by [gitee]
fatal: unable to access 'https://gitee.com/zzh-stable/ascend-s4.git/': The requested URL returned error: 400"
"https://github.com/2044145178/AscendC_S4#","往届冠军开源项目.docx","Repository","Visible text / S9 workbook","Archived","200","W071.html","Cloned","R071_github_2044145178_AscendC_S4","5ccb1b19243dabf7bec46803d5394140e81400ba","RepositoryCloned",""
"https://github.com/2044145178/AscendC_S5","往届冠军开源项目.docx","Repository","Visible text / S9 workbook","Archived","200","W072.html","Cloned","R072_github_2044145178_AscendC_S5","ae449ce42d5f73b98993733a5d0e192722f3cf8a","RepositoryCloned",""
"https://github.com/ascend-124/s4","往届冠军开源项目.docx","Repository","Visible text / S9 workbook","Archived","200","W073.html","Cloned","R073_github_ascend-124_s4","72fa362b1e2378ef972dc20818fc5e5ce318164b","RepositoryCloned",""
"https://github.com/ascend-124/s5","往届冠军开源项目.docx","Repository","Visible text / S9 workbook","Archived","200","W074.html","Cloned","R074_github_ascend-124_s5","e59405e7b136699c7181d7df48db9f7019760c60","RepositoryCloned",""
"https://github.com/ascend-124/s6","往届冠军开源项目.docx","Repository","Visible text / S9 workbook","Archived","200","W075.html","Cloned","R075_github_ascend-124_s6","53e47bdf0b140ded0a1549ec8117399029de6b9a","RepositoryCloned",""
"https://github.com/asfsdsf/AscendC-S6","往届冠军开源项目.docx","Repository","Visible text / S9 workbook","Archived","200","W076.html","Cloned","R076_github_asfsdsf_AscendC-S6","25395bf61e53625ebf6bfc3f93e65d849420e07b","RepositoryCloned",""
"https://github.com/Brown-Bert/S4.git","往届冠军开源项目.docx","Repository","Visible text / S9 workbook","Archived","200","W077.html","Cloned","R077_github_Brown-Bert_S4","e8b2973bc9f677373a81c52d2f65aa2b80e4bc69","RepositoryCloned",""
"https://github.com/Brown-Bert/S5","往届冠军开源项目.docx","Repository","Visible text / S9 workbook","Archived","200","W078.html","Cloned","R078_github_Brown-Bert_S5","323fad762be0213f6e3cf388f33acbc840af09db","RepositoryCloned",""
"https://github.com/bubu-12/Ascendc-S4","往届冠军开源项目.docx","Repository","Visible text / S9 workbook","Archived","200","W079.html","Cloned","R079_github_bubu-12_Ascendc-S4","3aa12fad494738e3ea52ad6d537242352a4c0f59","RepositoryCloned",""
"https://github.com/bubu-12/Ascendc-S5","往届冠军开源项目.docx","Repository","Visible text / S9 workbook","Archived","200","W080.html","Cloned","R080_github_bubu-12_Ascendc-S5","392d0c7fa1096717b43985416f6cbee34b88a284","RepositoryCloned",""
"https://github.com/Cishoon/AscendC-S4-Basic","往届冠军开源项目.docx","Repository","Visible text / S9 workbook","Archived","200","W081.html","Cloned","R081_github_Cishoon_AscendC-S4-Basic","3f289d1f5be69a92cc6c6eff5383a41c55cc323f","RepositoryCloned",""
"https://github.com/clamee/-AI---","往届冠军开源项目.docx","Repository","Visible text / S9 workbook","Archived","200","W082.html","Cloned","R082_github_clamee_-AI---","39989074963b2a7fa824d9564a7f942db98018c0","RepositoryCloned",""
"https://github.com/clamee/s6-Hypot","往届冠军开源项目.docx","Repository","Visible text / S9 workbook","Archived","200","W083.html","Cloned","R083_github_clamee_s6-Hypot","c7897180791bb4175d0e616f570c38e53339e7f2","RepositoryCloned",""
"https://github.com/DanceToBurning/Ascend-S6-/tree/main","往届冠军开源项目.docx","Repository","Visible text / S9 workbook","Archived","200","W084.html","Cloned","R084_github_DanceToBurning_Ascend-S6-","42bbdacb0f53fa1f01f28f4fdfb8db45d448e0dc","RepositoryCloned",""
"https://github.com/halfstark/ascend-s5","往届冠军开源项目.docx","Repository","Visible text / S9 workbook","Archived","200","W085.html","Cloned","R085_github_halfstark_ascend-s5","58001c271c0a48b3596be12dccdac5592e085030","RepositoryCloned",""
"https://github.com/JackSimbol02/CANN-Comp","往届冠军开源项目.docx","Repository","Visible text / S9 workbook","Archived","200","W086.html","Cloned","R086_github_JackSimbol02_CANN-Comp","11eb021e49c8be477ed788e47f3c2567dd6f24a5","RepositoryCloned",""
"https://github.com/KaranocaVe/AscendC-S6","往届冠军开源项目.docx","Repository","Visible text / S9 workbook","Archived","200","W087.html","Cloned","R087_github_KaranocaVe_AscendC-S6","556c978b1b2681ae5639020a57fbbabe6f19e712","RepositoryCloned",""
"https://github.com/kgcyyds/S4.git","往届冠军开源项目.docx","Repository","Visible text / S9 workbook","Archived","200","W088.html","Cloned","R088_github_kgcyyds_S4","510743530829d9bf5054955a93edbc6e04ad71ee","RepositoryCloned",""
"https://github.com/kgcyyds/S5_HustAga.git","往届冠军开源项目.docx","Repository","Visible text / S9 workbook","Archived","200","W089.html","Cloned","R089_github_kgcyyds_S5_HustAga","60d2092e506aa25940474ba277bd1b32a070a76b","RepositoryCloned",""
"https://github.com/kgcyyds/S6.git","往届冠军开源项目.docx","Repository","Visible text / S9 workbook","Archived","200","W090.html","Cloned","R090_github_kgcyyds_S6","d07d7a12d8f17878cfe4438f03880a90aaa38ebd","RepositoryCloned",""
"https://github.com/linnlh/ascendc-2024-final","往届冠军开源项目.docx","Repository","Visible text / S9 workbook","Archived","200","W091.html","Cloned","R091_github_linnlh_ascendc-2024-final","794074e0948dd9d2b3f1a708b2a4d77cd7c32406","RepositoryCloned",""
"https://github.com/meaningfuI/Ascend-S5","往届冠军开源项目.docx","Repository","Visible text / S9 workbook","Archived","200","W092.html","Cloned","R092_github_meaningfuI_Ascend-S5","c0dfa654fbb32edd7df2099d2c96382a70f5ffa3","RepositoryCloned",""
"https://github.com/MiracleDrawer/Ascend_S4","往届冠军开源项目.docx","Repository","Visible text / S9 workbook","Archived","200","W093.html","Cloned","R093_github_MiracleDrawer_Ascend_S4","7afa4c5a4a340741400851009051fc38641b1470","RepositoryCloned",""
"https://github.com/pytorch/pytorch/blob/main/aten/src/ATen/native/RNN.cpp","S6基础性能赛题_01.xlsx","Specification","artifact-tool workbook inspection","Archived","200","S027.html","NotApplicable","","","PageArchived",""
"https://github.com/Qeeweew/AscendC-2025-5-23","往届冠军开源项目.docx","Repository","Visible text / S9 workbook","Archived","200","W094.html","Cloned","R094_github_Qeeweew_AscendC-2025-5-23","0e692451bb7a21a825aa948606eb646e9894786d","RepositoryCloned",""
"https://github.com/Qeeweew/AscendC-S4","往届冠军开源项目.docx","Repository","Visible text / S9 workbook","Archived","200","W095.html","Cloned","R095_github_Qeeweew_AscendC-S4","9d004068fd31f5282112dc224e3dd48a2417db64","RepositoryCloned",""
"https://github.com/Qeeweew/AscendC-S5-GluJvp","往届冠军开源项目.docx","Repository","Visible text / S9 workbook","Archived","200","W096.html","Cloned","R096_github_Qeeweew_AscendC-S5-GluJvp","e4078a0792498085b893179ce5c4595b62f74813","RepositoryCloned",""
"https://github.com/Qeeweew/AscendC-S6-Logcumsumexp","往届冠军开源项目.docx","Repository","Visible text / S9 workbook","Archived","200","W097.html","Cloned","R097_github_Qeeweew_AscendC-S6-Logcumsumexp","e28217e7f31933659b71eab60e3fff9c704713ff","RepositoryCloned",""
"https://github.com/Rotaeno/Pows","往届冠军开源项目.docx","Repository","Visible text / S9 workbook","Archived","200","W098.html","Cloned","R098_github_Rotaeno_Pows","8817c8d6ecb89f4928bbf9751454f8e00e88286a","RepositoryCloned",""
"https://github.com/rura-t/AscendOps","往届冠军开源项目.docx","Repository","Visible text / S9 workbook","Archived","200","W099.html","Cloned","R099_github_rura-t_AscendOps","d7b2b3e4465797c1e5a1d655c7b3d100a0061036","RepositoryCloned",""
"https://github.com/ShwStone/Ascend-S5","往届冠军开源项目.docx","Repository","Visible text / S9 workbook","Archived","200","W100.html","Cloned","R100_github_ShwStone_Ascend-S5","ad64217e66377796783f3e1b7fe8ddbcb62b9a51","RepositoryCloned",""
"https://github.com/sunkafei/ascend-operator-challenge-final","往届冠军开源项目.docx","Repository","Visible text / S9 workbook","Archived","200","W101.html","Cloned","R101_github_sunkafei_ascend-operator-challenge-final","009cc71c449449826d0d261f2bed28d712f15261","RepositoryCloned",""
"https://github.com/T1z1anXXX/champion2024-ascend-oprator","往届冠军开源项目.docx","Repository","Visible text / S9 workbook","Archived","200","W102.html","Cloned","R102_github_T1z1anXXX_champion2024-ascend-oprator","477aebdf1c75cb236907c36ed12d04f05f6044cf","RepositoryCloned",""
"https://github.com/tangyhang/ascend--challenge-2024","往届冠军开源项目.docx","Repository","Visible text / S9 workbook","Archived","200","W103.html","Cloned","R103_github_tangyhang_ascend--challenge-2024","fe017e4d7c1cea2d54f3707ee0e6bc9edbf09a04","RepositoryCloned",""
"https://github.com/ustc1587/ReduceLogSumExp","往届冠军开源项目.docx","Repository","Visible text / S9 workbook","Archived","200","W104.html","Cloned","R104_github_ustc1587_ReduceLogSumExp","23f22897805d16d7271585a015c1a6de2ed1f2af","RepositoryCloned",""
"https://github.com/wilburx813/ascend_s4","往届冠军开源项目.docx","Repository","Visible text / S9 workbook","Failed","404","W105.html","Failed","R105_github_wilburx813_ascend_s4","","Failed","Response status code does not indicate success: 404 (Not Found). | remote: Repository not found.
fatal: repository 'https://github.com/wilburx813/ascend_s4.git/' not found"
"https://github.com/winfan1314/AscendC-ops-24Final-Tangefly.git","往届冠军开源项目.docx","Repository","Visible text / S9 workbook","Archived","200","W106.html","Cloned","R106_github_winfan1314_AscendC-ops-24Final-Tangefly","e1ca8f4d9efe345beaf817b2535d8ee7e88d1f91","RepositoryCloned",""
"https://github.com/winfan1314/AscendC-S4-Base.git","往届冠军开源项目.docx","Repository","Visible text / S9 workbook","Archived","200","W107.html","Cloned","R107_github_winfan1314_AscendC-S4-Base","5587be977688a3bbb74f574ffacd18a85ee4f06b","RepositoryCloned",""
"https://github.com/wybxw/Ascend_ops_Base_S6","往届冠军开源项目.docx","Repository","Visible text / S9 workbook","Archived","200","W108.html","Cloned","R108_github_wybxw_Ascend_ops_Base_S6","d5e06fa213468ad4f61f1151d37668f3fc5b9ce9","RepositoryCloned",""
"https://github.com/wybxw/Ascend_ops_Performance_S6","往届冠军开源项目.docx","Repository","Visible text / S9 workbook","Archived","200","W109.html","Cloned","R109_github_wybxw_Ascend_ops_Performance_S6","6e9b98a3636e7e779896330cca21f6392fd886a0","RepositoryCloned",""
"https://github.com/XKevin63/ascendC-S4-Base","往届冠军开源项目.docx","Repository","Visible text / S9 workbook","Archived","200","W110.html","Cloned","R110_github_XKevin63_ascendC-S4-Base","acc93377e98c370638175a0aa6deadb29c7c3d68","RepositoryCloned",""
"https://github.com/xxxkkw/Ascend-AI-Innovation-Operator-Challenge-S4-Season","往届冠军开源项目.docx","Repository","Visible text / S9 workbook","Archived","200","W111.html","Cloned","R111_github_xxxkkw_Ascend-AI-Innovation-Operator-Challenge-S4-Season","204598ce5898a09dcc35f7f9801a27bf4eb1d518","RepositoryCloned",""
"https://github.com/yuntaoyulong/-S5-/","往届冠军开源项目.docx","Repository","Visible text / S9 workbook","Archived","200","W112.html","Cloned","R112_github_yuntaoyulong_-S5-","c42d2b46a44737a669cc2a3368046952e7192633","RepositoryCloned",""
"https://github.com/zzh-stable/ascend-s5","往届冠军开源项目.docx","Repository","Visible text / S9 workbook","Archived","200","W113.html","Cloned","R113_github_zzh-stable_ascend-s5","329c78b169bf8b4e1612abddf89b7151a2ffda27","RepositoryCloned",""
"https://obs-9be7.obs.cn-east-2.myhuaweicloud.com/resource/s4%E6%96%87%E6%A1%A3/zip_op.sh","评分规则.docx；提交说明文档.docx","SubmissionTool","Word HYPERLINK field","Archived","200","S028.html","NotApplicable","","","PageArchived",""
"https://pytorch.ac.cn/docs/stable/generated/torch.nn.functional.rms_norm.html#torch.nn.functional.rms_norm","S4基础性能赛题_01.xlsx","Specification","artifact-tool workbook inspection","Failed","","S029.html","NotApplicable","","","Failed","Operation is not valid due to the current state of the object."
"https://pytorch.ac.cn/docs/stable/generated/torch.pow.html","S4基础性能赛题_01.xlsx","Specification","artifact-tool workbook inspection","Failed","","S030.html","NotApplicable","","","Failed","Operation is not valid due to the current state of the object."
"https://pytorch.org/docs/2.1/generated/torch.reshape.html#torch.reshape","S4基础性能赛题_01.xlsx","Specification","artifact-tool workbook inspection","Archived","200","S031.html","NotApplicable","","","PageArchived",""
"https://pytorch.org/docs/2.1/generated/torch.Tensor.scatter_reduce_.html#torch.Tensor.scatter_reduce_","S4挑战性能赛题_01.xlsx","Specification","artifact-tool workbook inspection","Archived","200","S032.html","NotApplicable","","","PageArchived",""
"https://pytorch.org/docs/stable/generated/torch.eye.html","S4挑战性能赛题_01.xlsx","Specification","artifact-tool workbook inspection","Archived","200","S033.html","NotApplicable","","","PageArchived",""
"https://pytorch.org/docs/stable/generated/torch.heaviside.html#","S4挑战性能赛题_01.xlsx","Specification","artifact-tool workbook inspection","Archived","200","S034.html","NotApplicable","","","PageArchived",""
"https://pytorch.org/docs/stable/generated/torch.linalg.solve_ex.html","S4挑战性能赛题_01.xlsx","Specification","artifact-tool workbook inspection","Archived","200","S035.html","NotApplicable","","","PageArchived",""
"https://pytorch.org/docs/stable/generated/torch.matmul.html","S4挑战性能赛题_01.xlsx","Specification","artifact-tool workbook inspection","Archived","200","S036.html","NotApplicable","","","PageArchived",""
"https://tensorflow.google.cn/api_docs/python/tf/gather","S4基础性能赛题_01.xlsx","Specification","artifact-tool workbook inspection","Archived","200","S037.html","NotApplicable","","","PageArchived",""
"https://tensorflow.google.cn/api_docs/python/tf/gather?hl=en","S5基础性能赛题_01.xlsx","Specification","artifact-tool workbook inspection","Archived","200","S038.html","NotApplicable","","","PageArchived",""
"https://tensorflow.google.cn/api_docs/python/tf/raw_ops/SelectV2","S4基础性能赛题_01.xlsx","Specification","artifact-tool workbook inspection","Archived","200","S039.html","NotApplicable","","","PageArchived",""
"https://www.hiascend.com/developer/contests/details/_blank","评分规则.docx；提交说明文档.docx","ContestPage","Word HYPERLINK field","Archived","200","S040.html","NotApplicable","","","PageArchived",""
"https://www.hiascend.com/developer/contests/details/201bfd6701c14f3bb40ae53e11abd6e8","往届冠军开源项目.docx","ContestPage","Word HYPERLINK field","Archived","200","S041.html","NotApplicable","","","PageArchived",""
"https://www.hiascend.com/developer/contests/details/4252afe2506e4f6eaa5cdf6696afadbf","往届冠军开源项目.docx","ContestPage","Word HYPERLINK field","Archived","200","S042.html","NotApplicable","","","PageArchived",""
"https://www.hiascend.com/developer/group/01102182523402175016/_blank","往届冠军开源项目.docx","CommunityPage","Word HYPERLINK field","Archived","200","S043.html","NotApplicable","","","PageArchived",""
"https://www.hiascend.com/document/detail/zh/CANNCommunityEdition/82RC1alpha002/API/aolapi/context/aclnnGroupedMatmulV4.md","S5基础性能赛题_01.xlsx","Specification","artifact-tool workbook inspection","Archived","200","S044.html","NotApplicable","","","PageArchived",""
"https://www.hiascend.com/forum/thread-0280196402227017068-1-1.html","往届冠军开源项目.docx","WebPage","Visible text / S9 workbook","Archived","200","W114.html","NotApplicable","","","PageArchived",""
"https://www.hiascend.com/forum/thread-0297193135340490887-1-1.html","往届冠军开源项目.docx","WebPage","Visible text / S9 workbook","Archived","200","W115.html","NotApplicable","","","PageArchived",""
"https://www.huaweicloud.com/product/modelarts.html","华为云Ascend C算子开发环境搭建手册.docx","WebPage","Visible text / Word HYPERLINK field","Archived","200","S045.html","NotApplicable","","","PageArchived",""
