"Index","Sources","Category","Url","FileName"
"1","华为云Ascend C算子开发环境搭建手册.docx","WebPage","http://e.huawei.com/","S001.html"
"2","算子挑战赛（S9赛季）云资源代金券申请指南.pdf","CloudConsole","https://console.huaweicloud.com/iam/?region=cn-southwest-2&locale=zh-cn#/mine/apiCredential","S002.html"
"3","华为云Ascend C算子开发环境搭建手册.docx","CloudConsole","https://console.huaweicloud.com/modelarts/?region=cn-north-4","S003.html"
"4","S5挑战性能赛题_01.xlsx","Specification","https://docs.pytorch.org/docs/2.1/generated/torch.autograd.functional.jvp.html#torch.autograd.functional.jvp","S004.html"
"5","S5挑战性能赛题_01.xlsx","Specification","https://docs.pytorch.org/docs/2.1/generated/torch.bitwise_left_shift.html#torch-bitwise-left-shift","S005.html"
"6","S5挑战性能赛题_01.xlsx","Specification","https://docs.pytorch.org/docs/2.1/generated/torch.copysign.html#torch-copysign","S006.html"
"7","算子挑战赛年度冠军赛【挑战性能命题】赛题_01.xlsx","Specification","https://docs.pytorch.org/docs/2.1/generated/torch.gcd.html#torch.gcd","S007.html"
"8","S5挑战性能赛题_01.xlsx","Specification","https://docs.pytorch.org/docs/2.1/generated/torch.lcm.html#torch.lcm","S008.html"
"9","算子挑战赛年度冠军赛【基础性能命题】赛题_01.xlsx","Specification","https://docs.pytorch.org/docs/2.1/generated/torch.linspace.html#torch-linspace","S009.html"
"10","S5基础性能赛题_01.xlsx","Specification","https://docs.pytorch.org/docs/2.1/generated/torch.logsumexp.html#torch-logsumexp","S010.html"
"11","S5挑战性能赛题_01.xlsx","Specification","https://docs.pytorch.org/docs/2.1/generated/torch.nn.functional.glu.html#torch.nn.functional.glu","S011.html"
"12","算子挑战赛年度冠军赛【基础性能命题】赛题_01.xlsx","Specification","https://docs.pytorch.org/docs/2.1/generated/torch.nonzero.html#torch-nonzero","S012.html"
"13","S5基础性能赛题_01.xlsx","Specification","https://docs.pytorch.org/docs/2.1/generated/torch.sort.html#torch.sort","S013.html"
"14","算子挑战赛年度冠军赛【基础性能命题】赛题_01.xlsx","Specification","https://docs.pytorch.org/docs/2.1/generated/torch.trunc.html","S014.html"
"15","S6基础性能赛题_01.xlsx","Specification","https://docs.pytorch.org/docs/2.5/generated/torch.argmin.html#torch-argmin","S015.html"
"16","S6基础性能赛题_01.xlsx","Specification","https://docs.pytorch.org/docs/2.5/generated/torch.argsort.html#torch-argsort","S016.html"
"17","S6挑战性能赛题_01.xlsx","Specification","https://docs.pytorch.org/docs/2.5/generated/torch.fmin.html#torch.fmin","S017.html"
"18","S6挑战性能赛题_01.xlsx","Specification","https://docs.pytorch.org/docs/2.5/generated/torch.hypot.html#torch.hypot","S018.html"
"19","S6挑战性能赛题_01.xlsx","Specification","https://docs.pytorch.org/docs/2.5/generated/torch.logcumsumexp.html#torch-logcumsumexp","S019.html"
"20","S6挑战性能赛题_01.xlsx","Specification","https://docs.pytorch.org/docs/2.5/generated/torch.nn.FractionalMaxPool3d.html#fractionalmaxpool3d","S020.html"
"21","S6基础性能赛题_01.xlsx","Specification","https://docs.pytorch.org/docs/2.5/generated/torch.nn.GroupNorm.html#torch.nn.GroupNorm","S021.html"
"22","S6基础性能赛题_01.xlsx","Specification","https://docs.pytorch.org/docs/2.5/generated/torch.Tensor.expand.html","S022.html"
"23","S6基础性能赛题_01.xlsx","Specification","https://docs.pytorch.org/docs/stable/generated/torch.nn.LSTM.html#torch.nn.LSTM","S023.html"
"24","S5基础性能赛题_01.xlsx","Specification","https://docs.scipy.org/doc/scipy/reference/generated/scipy.special.fresnel.html#scipy.special.fresnel","S024.html"
"25","算子挑战赛（S9赛季）云资源代金券申请指南.pdf","VoucherPage","https://edu.hicomputing.huawei.com/","S025.html"
"26","算子挑战赛（S9赛季）云资源代金券申请指南.pdf","VoucherPage","https://edu.hicomputing.huawei.com/teaching/voucher-details/invite/202603273nttxWIz","S026.html"
"27","S6基础性能赛题_01.xlsx","Specification","https://github.com/pytorch/pytorch/blob/main/aten/src/ATen/native/RNN.cpp","S027.html"
"28","评分规则.docx；提交说明文档.docx","SubmissionTool","https://obs-9be7.obs.cn-east-2.myhuaweicloud.com/resource/s4%E6%96%87%E6%A1%A3/zip_op.sh","S028.html"
"29","S4基础性能赛题_01.xlsx","Specification","https://pytorch.ac.cn/docs/stable/generated/torch.nn.functional.rms_norm.html#torch.nn.functional.rms_norm","S029.html"
"30","S4基础性能赛题_01.xlsx","Specification","https://pytorch.ac.cn/docs/stable/generated/torch.pow.html","S030.html"
"31","S4基础性能赛题_01.xlsx","Specification","https://pytorch.org/docs/2.1/generated/torch.reshape.html#torch.reshape","S031.html"
"32","S4挑战性能赛题_01.xlsx","Specification","https://pytorch.org/docs/2.1/generated/torch.Tensor.scatter_reduce_.html#torch.Tensor.scatter_reduce_","S032.html"
"33","S4挑战性能赛题_01.xlsx","Specification","https://pytorch.org/docs/stable/generated/torch.eye.html","S033.html"
"34","S4挑战性能赛题_01.xlsx","Specification","https://pytorch.org/docs/stable/generated/torch.heaviside.html#","S034.html"
"35","S4挑战性能赛题_01.xlsx","Specification","https://pytorch.org/docs/stable/generated/torch.linalg.solve_ex.html","S035.html"
"36","S4挑战性能赛题_01.xlsx","Specification","https://pytorch.org/docs/stable/generated/torch.matmul.html","S036.html"
"37","S4基础性能赛题_01.xlsx","Specification","https://tensorflow.google.cn/api_docs/python/tf/gather","S037.html"
"38","S5基础性能赛题_01.xlsx","Specification","https://tensorflow.google.cn/api_docs/python/tf/gather?hl=en","S038.html"
"39","S4基础性能赛题_01.xlsx","Specification","https://tensorflow.google.cn/api_docs/python/tf/raw_ops/SelectV2","S039.html"
"40","评分规则.docx；提交说明文档.docx","ContestPage","https://www.hiascend.com/developer/contests/details/_blank","S040.html"
"41","往届冠军开源项目.docx","ContestPage","https://www.hiascend.com/developer/contests/details/201bfd6701c14f3bb40ae53e11abd6e8","S041.html"
"42","往届冠军开源项目.docx","ContestPage","https://www.hiascend.com/developer/contests/details/4252afe2506e4f6eaa5cdf6696afadbf","S042.html"
"43","往届冠军开源项目.docx","CommunityPage","https://www.hiascend.com/developer/group/01102182523402175016/_blank","S043.html"
"44","S5基础性能赛题_01.xlsx","Specification","https://www.hiascend.com/document/detail/zh/CANNCommunityEdition/82RC1alpha002/API/aolapi/context/aclnnGroupedMatmulV4.md","S044.html"
"45","华为云Ascend C算子开发环境搭建手册.docx","WebPage","https://www.huaweicloud.com/product/modelarts.html","S045.html"
