"Index","CloneUrl","LocalDirectory","Branch","Head","CommitDate","READMEFirstLine","TopLevelEntries","OperatorHints","IndexedFiles","CodeFiles","CodeBytes","DataCopy","DataCopyPad","DataCopyExtParams","TPipe","TQue","TBuf","PipeBarrier","SetAtomicAdd","SetVectorMask","WholeReduceSum","ReduceSum","Compare","Select","Gather","Scatter","Transpose","Cast","Matmul","Tiling","Template","BufferNum","BlockIndex","Alignment"
"2","https://gitcode.com/szdaniel/S6T.git","R002_gitcode_szdaniel_S6T","main","f99dcaf295ace3d29875eaba6f69b1a333b92620","2025/12/14 20:28:11","S6T","Fmin | FractionalMaxPool3D | FractionalMaxPool3DGrad | Hypot | Logcumsumexp | README.md","Fmin | FractionalMaxPool3D | FractionalMaxPool3DGrad | Hypot | Logcumsumexp","162","21","278755","0","55","52","25","58","335","0","0","0","0","0","2","2","4","0","0","163","0","15","26","119","118","0"
"71","https://github.com/2044145178/AscendC_S4.git","R071_github_2044145178_AscendC_S4","master","5ccb1b19243dabf7bec46803d5394140e81400ba","2025/5/30 11:01:41","AscendC_S4","Eye | Heaviside | ScatterReduce | README.md","Eye | Heaviside | ScatterReduce","95","21","186383","42","0","0","42","38","28","0","0","0","0","0","0","32","8","0","0","0","0","22","6","84","50","0"
"72","https://github.com/2044145178/AscendC_S5.git","R072_github_2044145178_AscendC_S5","master","ae449ce42d5f73b98993733a5d0e192722f3cf8a","2025/9/7 16:28:34","AscendC_S5","BitwiseLeftShift | Copysign | GluGradJvp | GluJvp | Lcm | README.md","BitwiseLeftShift | Copysign | GluGradJvp | GluJvp | Lcm","46","37","251223","32","47","22","56","82","40","0","0","0","0","0","0","14","18","0","0","87","0","15","19","66","92","0"
"73","https://github.com/ascend-124/s4.git","R073_github_ascend-124_s4","main","72fa362b1e2378ef972dc20818fc5e5ce318164b","2025/6/2 16:08:02","[![License: GPL v2](https://img.shields.io/badge/License-GPL%20v2-blue.svg)](https://www.gnu.org/licenses/old-licenses/gpl-2.0.en.html)","Eye","Eye","25","3","7445","1","4","1","2","1","1","0","0","0","0","0","0","0","0","0","0","0","0","3","1","0","1","0"
"74","https://github.com/ascend-124/s5.git","R074_github_ascend-124_s5","main","e59405e7b136699c7181d7df48db9f7019760c60","2025/9/14 15:58:03","[![License: GPL v2](https://img.shields.io/badge/License-GPL%20v2-blue.svg)](https://www.gnu.org/licenses/old-licenses/gpl-2.0.en.html)","BitwiseLeftShift","BitwiseLeftShift","30","3","28075","12","2","2","5","8","5","0","0","0","0","0","0","2","6","0","0","10","0","3","1","0","5","0"
"75","https://github.com/ascend-124/s6.git","R075_github_ascend-124_s6","main","53e47bdf0b140ded0a1549ec8117399029de6b9a","2025/11/16 21:51:34","[![License: GPL v2](https://img.shields.io/badge/License-GPL%20v2-blue.svg)](https://www.gnu.org/licenses/old-licenses/gpl-2.0.en.html)","Fmin | Hypot","Fmin | Hypot","60","6","108054","42","4","4","16","28","2","0","0","0","0","0","14","10","12","0","0","18","0","6","32","0","16","0"
"76","https://github.com/asfsdsf/AscendC-S6.git","R076_github_asfsdsf_AscendC-S6","master","25395bf61e53625ebf6bfc3f93e65d849420e07b","2025/11/17 16:30:28","昇腾AI创新大赛-算子挑战赛S6-挑战性能命题-开源仓","Logcumsumexp | LICENSE | README.md","Logcumsumexp","34","4","32843","15","4","4","1","2","7","0","0","0","0","0","0","0","0","0","0","7","0","3","3","5","4","0"
"77","https://github.com/Brown-Bert/S4.git","R077_github_Brown-Bert_S4","main","e8b2973bc9f677373a81c52d2f65aa2b80e4bc69","2025/6/3 15:36:04","[![License: GPL v2](https://img.shields.io/badge/License-GPL%20v2-blue.svg)](https://www.gnu.org/licenses/old-licenses/gpl-2.0.en.html)","Gather | Pows | Reshape | RmsNorm | SelectV2","SelectV2 | SelectV2_zip","57","17","168402","8","0","0","2","6","2","0","0","0","0","0","0","0","0","0","0","18","0","6","67","18","2","0"
"78","https://github.com/Brown-Bert/S5.git","R078_github_Brown-Bert_S5","main","323fad762be0213f6e3cf388f33acbc840af09db","2025/9/12 17:16:59","S5","case_310b | README.md","GatherV3 | GatherV3_zip | PROF_000001_20250626220740489_ORIFJIMBBLRKHMFC | ReduceLogSumExp | ReduceLogSumExp_zip | Sort | Sort_zip","156","32","338298","154","0","0","7","14","3","0","0","0","0","4","2","2","0","0","0","14","1","18","65","69","0","0"
"79","https://github.com/bubu-12/Ascendc-S4.git","R079_github_bubu-12_Ascendc-S4","master","3aa12fad494738e3ea52ad6d537242352a4c0f59","2025/5/30 22:24:04","","cgemm_matmul | Heaviside | ScatterReduce","cgemm_matmul | Heaviside | ScatterReduce","15","9","126921","14","18","12","5","28","3","0","0","0","0","0","0","4","3","0","0","0","5","18","6","7","10","9"
"80","https://github.com/bubu-12/Ascendc-S5.git","R080_github_bubu-12_Ascendc-S5","main","392d0c7fa1096717b43985416f6cbee34b88a284","2025/9/16 21:59:12","Ascendc-S5","BitwiseLeftShift.zip | Copysign.zip | GluGradJvp.zip | GluJvp.zip | README.md","","1","0","0","0","0","0","0","0","0","0","0","0","0","0","0","0","0","0","0","0","0","0","0","0","0","0"
"81","https://github.com/Cishoon/AscendC-S4-Basic.git","R081_github_Cishoon_AscendC-S4-Basic","master","3f289d1f5be69a92cc6c6eff5383a41c55cc323f","2025/3/31 3:10:38","","SelectV2 | .gitignore | SelectV2.json","SelectV2","11","4","40970","8","0","0","5","8","10","0","0","0","0","0","0","6","0","0","0","16","0","3","0","19","0","0"
"82","https://github.com/clamee/-AI---.git","R082_github_clamee_-AI---","main","39989074963b2a7fa824d9564a7f942db98018c0","2025/9/21 22:29:20","-AI---","BitwiseLeftShift | Copysign | Lcm | README.md","BitwiseLeftShift | Copysign | Lcm","17","10","93688","24","24","24","20","16","8","0","0","0","0","0","0","27","0","0","0","41","0","9","19","0","24","15"
"83","https://github.com/clamee/s6-Hypot.git","R083_github_clamee_s6-Hypot","main","c7897180791bb4175d0e616f570c38e53339e7f2","2025/12/15 20:13:08","","Hypot.zip","","0","0","0","0","0","0","0","0","0","0","0","0","0","0","0","0","0","0","0","0","0","0","0","0","0","0"
"84","https://github.com/DanceToBurning/Ascend-S6-.git","R084_github_DanceToBurning_Ascend-S6-","main","42bbdacb0f53fa1f01f28f4fdfb8db45d448e0dc","2025/11/13 14:38:39","","fmin | hypot | logcumsumexp","fmin | hypot | logcumsumexp","15","9","68356","9","3","3","3","8","3","0","0","0","0","0","1","5","0","0","0","22","0","15","5","19","5","0"
"85","https://github.com/halfstark/ascend-s5.git","R085_github_halfstark_ascend-s5","main","58001c271c0a48b3596be12dccdac5592e085030","2025/9/10 13:28:22","","copysign | glugradjvp | glujvp | lcm","copysign | glugradjvp | glujvp | lcm","35","27","244717","48","72","40","39","36","23","0","0","0","0","0","0","3","0","0","0","37","0","24","17","96","17","0"
"86","https://github.com/JackSimbol02/CANN-Comp.git","R086_github_JackSimbol02_CANN-Comp","main","11eb021e49c8be477ed788e47f3c2567dd6f24a5","2025/6/8 9:14:15","","ArgMaxWithValue_final.zip | NLLLoss_final.zip | S4赛题.zip","","0","0","0","0","0","0","0","0","0","0","0","0","0","0","0","0","0","0","0","0","0","0","0","0","0","0"
"87","https://github.com/KaranocaVe/AscendC-S6.git","R087_github_KaranocaVe_AscendC-S6","main","556c978b1b2681ae5639020a57fbbabe6f19e712","2025/11/10 20:04:37","升腾AI创新大赛-算子挑战赛S6-挑战性能命题-开源仓","Fmin | FractionalMaxPool3D | FractionalMaxPool3DGrad | Logcumsumexp | .gitmodules | LICENSE | README.md","","1","0","0","0","0","0","0","0","0","0","0","0","0","0","0","0","0","0","0","0","0","0","0","0","0","0"
"88","https://github.com/kgcyyds/S4.git","R088_github_kgcyyds_S4","main","510743530829d9bf5054955a93edbc6e04ad71ee","2025/5/30 16:28:52","HustAga 昇腾AI算子挑战赛（S4赛季）挑战性能命题","Eye | Heaviside | .DS_Store | README.md","Eye | Heaviside","11","6","15824","2","2","2","6","2","2","0","0","0","0","0","0","2","0","0","0","0","0","6","3","5","2","0"
"89","https://github.com/kgcyyds/S5_HustAga.git","R089_github_kgcyyds_S5_HustAga","main","60d2092e506aa25940474ba277bd1b32a070a76b","2025/9/11 18:26:15","","BitwiseLeftShift | GluGradJvp | GluJvp | Lcm | .DS_Store","BitwiseLeftShift | GluGradJvp | GluJvp | Lcm","20","12","85971","2","52","21","16","16","7","0","0","0","0","0","0","4","2","0","0","34","0","12","9","0","9","0"
"90","https://github.com/kgcyyds/S6.git","R090_github_kgcyyds_S6","main","d07d7a12d8f17878cfe4438f03880a90aaa38ebd","2025/11/15 17:07:37","","FractionalMaxPool3D | FractionalMaxPool3DGrad | .DS_Store","FractionalMaxPool3D | FractionalMaxPool3DGrad","10","6","46279","0","12","10","5","6","2","0","0","0","0","0","0","0","4","0","0","4","0","6","3","0","3","27"
"91","https://github.com/linnlh/ascendc-2024-final.git","R091_github_linnlh_ascendc-2024-final","master","794074e0948dd9d2b3f1a708b2a4d77cd7c32406","2025/6/9 23:11:19","ascendc-2024-final","gcd | .gitignore | README.md | submit.sh","gcd","34","6","37821","0","2","2","3","2","0","0","0","0","0","0","0","0","0","0","0","0","0","3","14","5","1","0"
"92","https://github.com/meaningfuI/Ascend-S5.git","R092_github_meaningfuI_Ascend-S5","main","c0dfa654fbb32edd7df2099d2c96382a70f5ffa3","2025/9/12 17:34:29","Ascend S5","BitwiseLeftShift | Copysign | Lcm | README.md","BitwiseLeftShift | Copysign | Lcm","13","9","85100","9","6","4","15","12","6","0","0","17","0","0","0","0","0","0","0","54","1","9","10","33","23","14"
"93","https://github.com/MiracleDrawer/Ascend_S4.git","R093_github_MiracleDrawer_Ascend_S4","master","7afa4c5a4a340741400851009051fc38641b1470","2025/4/2 16:04:06","[![License: GPL v2](https://img.shields.io/badge/License-GPL%20v2-blue.svg)](https://www.gnu.org/licenses/old-licenses/gpl-2.0.en.html)","MatMul | .gitignore | MatMul.json","MatMul | MatMul_zip","52","13","117680","0","16","10","16","6","5","0","0","0","0","0","0","4","12","0","0","0","18","6","13","0","10","0"
"94","https://github.com/Qeeweew/AscendC-2025-5-23.git","R094_github_Qeeweew_AscendC-2025-5-23","main","0e692451bb7a21a825aa948606eb646e9894786d","2025/5/30 18:21:25","华为昇腾NPU的GCD算子优化","op_host | op_kernel | .gitignore | custom_opp_euleros_aarch64.run | gcd_iterations_distribution_and_cdf.png | README.md | sim.py","","7","3","15060","6","3","3","2","2","1","0","0","0","0","0","0","8","0","0","0","0","0","3","3","0","2","0"
"95","https://github.com/Qeeweew/AscendC-S4.git","R095_github_Qeeweew_AscendC-S4","master","9d004068fd31f5282112dc224e3dd48a2417db64","2025/5/30 18:00:52","昇腾AI创新算子挑战赛S4赛季 - 复数矩阵乘法实现","cmake | framework | op_host | op_kernel | scripts | .gitignore | build.sh | CMakeLists.txt | CMakePresets.json | matmul.json | README.md","","29","4","20031","4","4","4","2","2","1","0","0","0","0","0","0","0","3","0","0","0","8","10","2","0","4","7"
"96","https://github.com/Qeeweew/AscendC-S5-GluJvp.git","R096_github_Qeeweew_AscendC-S5-GluJvp","main","e4078a0792498085b893179ce5c4595b62f74813","2025/9/14 15:56:15","System.Object[]","op_host | op_kernel | .gitignore | custom_opp_euleros_aarch64.run | README.md","","6","3","19289","0","3","2","3","8","3","0","0","0","0","0","0","0","0","0","0","5","0","3","8","8","2","0"
"97","https://github.com/Qeeweew/AscendC-S6-Logcumsumexp.git","R097_github_Qeeweew_AscendC-S6-Logcumsumexp","main","e28217e7f31933659b71eab60e3fff9c704713ff","2025/11/19 10:57:21","AscendC-S6-Logcumsumexp","op_host | op_kernel | .gitignore | custom_opp_euleros_aarch64.run | README.md","","10","6","40104","8","8","8","4","8","4","0","0","0","0","0","0","0","0","0","0","8","0","6","4","18","4","0"
"98","https://github.com/Rotaeno/Pows.git","R098_github_Rotaeno_Pows","main","8817c8d6ecb89f4928bbf9751454f8e00e88286a","2025/5/30 18:38:56","Pows","PowsCustom.zip | README.md","","1","0","0","0","0","0","0","0","0","0","0","0","0","0","0","0","0","0","0","0","0","0","0","0","0","0"
"99","https://github.com/rura-t/AscendOps.git","R099_github_rura-t_AscendOps","main","d7b2b3e4465797c1e5a1d655c7b3d100a0061036","2025/6/15 18:13:00","AscendOps","Trunc | README.md","Trunc","6","3","9558","2","0","0","3","2","1","0","0","0","0","0","0","0","0","0","0","9","0","3","1","5","0","1"
"100","https://github.com/ShwStone/Ascend-S5.git","R100_github_ShwStone_Ascend-S5","main","ad64217e66377796783f3e1b7fe8ddbcb62b9a51","2025/8/12 16:54:47","XJTU-宇宙不怎么闪烁","BitwiseLeftShift | Copysign | images | .gitignore | BitwiseLeftShift.json | Copysign.json | create.sh | LICENSE | README.md","BitwiseLeftShift | Copysign","67","8","64076","17","6","4","8","16","7","0","0","0","0","0","0","10","0","0","0","2","0","6","11","22","8","0"
"101","https://github.com/sunkafei/ascend-operator-challenge-final.git","R101_github_sunkafei_ascend-operator-challenge-final","main","009cc71c449449826d0d261f2bed28d712f15261","2025/5/23 21:38:11","[![License: GPL v2](https://img.shields.io/badge/License-GPL%20v2-blue.svg)](https://www.gnu.org/licenses/old-licenses/gpl-2.0.en.html)",".vscode | Case | Gcd | .gitignore | Gcd.json | init_pybind.sh | LICENSE | zip_op.sh","Gcd","35","6","36373","0","0","0","0","0","0","0","0","0","0","0","0","0","0","0","0","0","0","3","15","0","2","3"
"102","https://github.com/T1z1anXXX/champion2024-ascend-oprator.git","R102_github_T1z1anXXX_champion2024-ascend-oprator","main","477aebdf1c75cb236907c36ed12d04f05f6044cf","2025/6/11 21:25:53","Result:","LinSpace | Trunc | README.md","LinSpace | Trunc","11","6","24460","11","0","0","2","4","2","0","0","0","0","0","0","0","0","0","0","13","0","6","2","11","4","0"
"103","https://github.com/tangyhang/ascend--challenge-2024.git","R103_github_tangyhang_ascend--challenge-2024","main","fe017e4d7c1cea2d54f3707ee0e6bc9edbf09a04","2025/6/12 18:27:42","","Gcd","Gcd","5","3","11328","0","3","3","4","3","0","0","0","0","0","0","0","0","0","0","0","0","0","3","3","0","2","0"
"104","https://github.com/ustc1587/ReduceLogSumExp.git","R104_github_ustc1587_ReduceLogSumExp","main","23f22897805d16d7271585a015c1a6de2ed1f2af","2025/8/22 9:10:11","ReduceLogSumExp","op_host | op_kernel | custom_opp_ubuntu_aarch64.run | README.md","","6","3","35505","33","0","0","1","6","1","0","0","0","0","3","0","0","0","0","0","8","0","3","0","13","0","0"
"106","https://github.com/winfan1314/AscendC-ops-24Final-Tangefly.git","R106_github_winfan1314_AscendC-ops-24Final-Tangefly","main","e1ca8f4d9efe345beaf817b2535d8ee7e88d1f91","2025/6/15 17:23:08","[![License: GPL v2](https://img.shields.io/badge/License-GPL%20v2-blue.svg)](https://www.gnu.org/licenses/old-licenses/gpl-2.0.en.html)","base_case | docs | LinSpace | Trunc | .gitignore","LinSpace | Trunc","74","18","132981","8","0","0","8","6","4","0","0","0","0","0","0","0","0","0","0","24","0","13","79","3","0","4"
"107","https://github.com/winfan1314/AscendC-S4-Base.git","R107_github_winfan1314_AscendC-S4-Base","main","5587be977688a3bbb74f574ffacd18a85ee4f06b","2025/5/30 11:27:01","[![License: GPL v2](https://img.shields.io/badge/License-GPL%20v2-blue.svg)](https://www.gnu.org/licenses/old-licenses/gpl-2.0.en.html)","Gather_submit | metadata | Pows_submit | Reshape_submit | RmsNorm | SelectV2_submit | .gitignore","Gather_submit | Pows_submit | Reshape_submit | RmsNorm | SelectV2_submit","149","28","160437","40","0","0","21","18","8","0","0","0","0","6","0","3","2","0","0","64","0","59","35","97","0","0"
"108","https://github.com/wybxw/Ascend_ops_Base_S6.git","R108_github_wybxw_Ascend_ops_Base_S6","master","d5e06fa213468ad4f61f1151d37668f3fc5b9ce9","2025/11/13 11:04:52","> 赛时代码由于方便Debug,可能删除/注释了一部分测试数据中没有的数据类型的算子执行路径,一般主要是int64这种.并非没有实现,但可能需要稍微修改代码.","Argmin | Expand | LICENSE | README.md","Argmin | Expand","13","6","39992","5","2","3","6","3","5","0","0","0","0","0","1","2","0","0","0","3","0","12","22","4","2","3"
"109","https://github.com/wybxw/Ascend_ops_Performance_S6.git","R109_github_wybxw_Ascend_ops_Performance_S6","main","6e9b98a3636e7e779896330cca21f6392fd886a0","2025/11/13 11:05:42","> 赛时代码由于方便Debug,可能删除/注释了一部分测试数据中没有的数据类型的算子执行路径,一般主要是int64这种.并非没有实现,但可能需要稍微修改代码.","Hypotlast | LICENSE | README.md","Hypot","7","3","31778","5","5","5","5","1","1","0","0","0","0","0","0","0","0","0","0","3","0","17","13","9","4","0"
"110","https://github.com/XKevin63/ascendC-S4-Base.git","R110_github_XKevin63_ascendC-S4-Base","main","acc93377e98c370638175a0aa6deadb29c7c3d68","2026/3/23 15:44:06","ascendC-S4-Base","pows | Selectv2 | README.md","pows | Selectv2","11","6","48906","7","0","0","3","7","5","0","0","0","0","0","1","4","0","0","0","16","0","6","4","16","1","0"
"111","https://github.com/xxxkkw/Ascend-AI-Innovation-Operator-Challenge-S4-Season.git","R111_github_xxxkkw_Ascend-AI-Innovation-Operator-Challenge-S4-Season","main","204598ce5898a09dcc35f7f9801a27bf4eb1d518","2025/6/2 19:51:21","昇腾AI创新算子挑战赛（S4赛季）【基础性能命题】","Pows | Reshape | RmsNorm | SelectV2 | .DS_Store | README.md","Pows | Reshape | RmsNorm | SelectV2","23","14","75299","15","0","0","14","13","28","0","0","0","0","0","2","6","0","0","0","24","0","12","0","35","0","0"
"112","https://github.com/yuntaoyulong/-S5-.git","R112_github_yuntaoyulong_-S5-","main","c42d2b46a44737a669cc2a3368046952e7192633","2025/12/5 18:21:06","参与贡献：","Fresnel_Cos | GatherV3 | README.md","Fresnel_Cos | GatherV3","13","8","60912","5","0","0","5","2","10","0","0","0","0","0","10","10","10","0","0","8","0","8","6","5","2","0"
"113","https://github.com/zzh-stable/ascend-s5.git","R113_github_zzh-stable_ascend-s5","main","329c78b169bf8b4e1612abddf89b7151a2ffda27","2025/9/8 16:58:14","Ascend-S5","Copysign | Lcm | README.md","Copysign | Lcm","23","18","80938","0","28","20","22","20","12","0","0","0","0","0","0","2","0","0","0","5","0","14","13","46","10","0"
